IncidentID,num_vehicles_involved,eCollisionManner,Longitude,Latitude,InjurySeverity,eIntersectionType,eCollisionManner,city_name,IncidentDateTime,cyclist_citations,driver_citations
2505361,2,ANGLE_FRONT_TO_SIDE,-111.777400057832,33.4081362472812,2,UNKNOWN_99,ANGLE_FRONT_TO_SIDE,MESA,2011-03-01 17:44:00,DID_NOT_USE_CROSSWALK,NO_IMPROPER_ACTION
2505363,2,REAR_END,-111.859023157813,33.3001161316438,3,NOT_AT_INTERSECTION_0,REAR_END,CHANDLER,2011-03-06 00:30:00,NO_IMPROPER_ACTION,UNKNOWN_99
2505462,2,OTHER_97,-111.563425778326,33.4307040303358,4,UNKNOWN_99,OTHER_97,APACHE JUNCTION,2011-03-23 17:23:00,INATTENTION_DISTRACTION,NO_IMPROPER_ACTION+NOT_APPLICABLE_MINUS_1+NOT_APPLICABLE_MINUS_1+NOT_APPLICABLE_MINUS_1
2505477,2,ANGLE_FRONT_TO_SIDE,-111.557437690071,33.4223429026573,3,T_INTERSECTION,ANGLE_FRONT_TO_SIDE,APACHE JUNCTION,2011-03-16 19:13:00,DROVE_RODE_IN_OPPOSING_TRAFFIC_LANE,NO_IMPROPER_ACTION
2505498,2,HEAD_ON,-111.82239968095,33.44775789562,3,T_INTERSECTION,HEAD_ON,MESA,2011-03-24 09:09:00,DROVE_RODE_IN_OPPOSING_TRAFFIC_LANE,NO_IMPROPER_ACTION
2505499,2,ANGLE_FRONT_TO_SIDE,-111.874595544851,33.3969084563245,3,T_INTERSECTION,ANGLE_FRONT_TO_SIDE,MESA,2011-03-15 12:26:00,DROVE_RODE_IN_OPPOSING_TRAFFIC_LANE,NOT_APPLICABLE_MINUS_1+OTHER_97
2505534,2,SIDESWIPE_SAME_DIRECTION,-111.926299488983,33.439202590234,3,UNKNOWN_99,SIDESWIPE_SAME_DIRECTION,TEMPE,2011-03-12 18:08:00,SPEED_TOO_FAST_FOR_CONDITIONS,NOT_APPLICABLE_MINUS_1+NO_IMPROPER_ACTION
2505540,2,OTHER_97,-111.680822051987,33.3793570482849,2,FOUR_WAY_INTERSECTION,OTHER_97,MESA,2011-03-29 20:07:00,OTHER_97,NO_IMPROPER_ACTION
2505649,2,ANGLE_FRONT_TO_SIDE,-111.940034280674,33.392855683632,3,UNKNOWN_99,ANGLE_FRONT_TO_SIDE,TEMPE,2011-03-01 19:19:00,DROVE_RODE_IN_OPPOSING_TRAFFIC_LANE,OTHER_97
2505697,2,OTHER_97,-112.013391977603,33.6260646424953,1,UNKNOWN_99,OTHER_97,PHOENIX,2011-02-22 17:40:00,FAILED_TO_YIELD_RIGHT_OF_WAY_103,FAILED_TO_YIELD_RIGHT_OF_WAY_103
2505830,2,ANGLE_FRONT_TO_SIDE,-111.813864431174,33.3933524692829,2,UNKNOWN_99,ANGLE_FRONT_TO_SIDE,MESA,2011-03-21 17:52:00,NO_IMPROPER_ACTION,NO_IMPROPER_ACTION
2505840,2,UNKNOWN_99,-110.916843045525,32.1811819366446,1,UNKNOWN_99,UNKNOWN_99,UNSPECIFIED_999,2011-03-16 17:17:00,UNKNOWN_99,NO_IMPROPER_ACTION
2505870,2,REAR_END,-112.073813097798,33.4482410804499,2,T_INTERSECTION,REAR_END,GILBERT,2011-03-28 17:07:00,SPEED_TOO_FAST_FOR_CONDITIONS,NOT_APPLICABLE_MINUS_1+OTHER_97+NOT_APPLICABLE_MINUS_1
2505899,4,LEFT_TURN,-110.875117863119,32.2735071504005,2,FOUR_WAY_INTERSECTION,LEFT_TURN,UNSPECIFIED_999,2011-03-25 15:10:00,UNKNOWN_99,NO_IMPROPER_ACTION+DISREGARDED_TRAFFIC_SIGNAL+NO_IMPROPER_ACTION
2505944,2,ANGLE_FRONT_TO_SIDE,-111.055490807126,32.3375650860846,1,T_INTERSECTION,ANGLE_FRONT_TO_SIDE,MARANA,2011-03-23 18:21:00,NO_IMPROPER_ACTION,FAILED_TO_YIELD_RIGHT_OF_WAY_103
2506100,2,ANGLE_FRONT_TO_SIDE,-111.85788674384,33.3834244413093,3,T_INTERSECTION,ANGLE_FRONT_TO_SIDE,MESA,2011-03-16 09:13:00,NO_IMPROPER_ACTION,INATTENTION_DISTRACTION
2506292,2,ANGLE_FRONT_TO_SIDE,-112.231270798168,33.4800974310856,3,FOUR_WAY_INTERSECTION,ANGLE_FRONT_TO_SIDE,PHOENIX,2011-01-11 07:43:00,RAN_STOP_SIGN,NO_IMPROPER_ACTION
2506415,2,LEFT_TURN,-112.073813097798,33.4482410804499,1,T_INTERSECTION,LEFT_TURN,TUCSON,2011-04-08 17:00:00,NO_IMPROPER_ACTION,OTHER_97
2506594,2,ANGLE_FRONT_TO_SIDE,-110.955189144802,32.4712263445686,3,FOUR_WAY_INTERSECTION,ANGLE_FRONT_TO_SIDE,ORO VALLEY,2011-04-05 12:20:00,NO_IMPROPER_ACTION,OTHER_97
2506638,2,OTHER_97,-112.0632625419,33.4482798370969,3,NOT_AT_INTERSECTION_0,OTHER_97,PHOENIX,2011-02-16 11:22:00,INATTENTION_DISTRACTION,NO_IMPROPER_ACTION
2506652,2,ANGLE_FRONT_TO_SIDE,-112.030985425991,33.6722746068467,4,INTERSECTION_AS_PART_OF_INTERCHANGE,ANGLE_FRONT_TO_SIDE,PHOENIX,2011-01-02 14:51:00,NO_IMPROPER_ACTION,OTHER_97+NOT_APPLICABLE_MINUS_1
2506840,3,ANGLE_FRONT_TO_SIDE,-111.909723148948,33.4364512402879,4,T_INTERSECTION,ANGLE_FRONT_TO_SIDE,TEMPE,2011-07-08 10:57:00,DROVE_RODE_IN_OPPOSING_TRAFFIC_LANE+DROVE_RODE_IN_OPPOSING_TRAFFIC_LANE,NO_IMPROPER_ACTION
2507195,2,ANGLE_FRONT_TO_SIDE,-111.659800568804,35.1918367351408,1,FOUR_WAY_INTERSECTION,ANGLE_FRONT_TO_SIDE,FLAGSTAFF,2011-02-23 08:29:00,DISREGARDED_TRAFFIC_SIGNAL,NO_IMPROPER_ACTION
2507206,2,ANGLE_FRONT_TO_SIDE,-111.78993931972,33.3354311025632,3,FOUR_WAY_INTERSECTION,ANGLE_FRONT_TO_SIDE,GILBERT,2011-04-03 18:11:00,INATTENTION_DISTRACTION,NOT_APPLICABLE_MINUS_1+NOT_APPLICABLE_MINUS_1+INATTENTION_DISTRACTION+NOT_APPLICABLE_MINUS_1
2507297,2,ANGLE_FRONT_TO_SIDE,-111.738676682992,33.3594743831855,1,UNKNOWN_99,ANGLE_FRONT_TO_SIDE,GILBERT,2011-04-11 17:27:00,OTHER_97,NO_IMPROPER_ACTION
2507300,2,LEFT_TURN,-111.790023401954,33.3716697651528,1,FOUR_WAY_INTERSECTION,LEFT_TURN,GILBERT,2011-04-14 10:50:00,NO_IMPROPER_ACTION,OTHER_97
2507308,2,ANGLE_FRONT_TO_SIDE,-111.789718338591,33.3574974897424,3,UNKNOWN_99,ANGLE_FRONT_TO_SIDE,GILBERT,2011-04-11 18:36:00,OTHER_97,INATTENTION_DISTRACTION
2507321,2,ANGLE_FRONT_TO_SIDE,-111.813224667614,33.3358215291739,1,FOUR_WAY_INTERSECTION,ANGLE_FRONT_TO_SIDE,GILBERT,2011-04-13 17:12:00,DISREGARDED_TRAFFIC_SIGNAL,NO_IMPROPER_ACTION
2507408,2,ANGLE_FRONT_TO_SIDE,-112.333561003302,33.6103416313532,3,UNKNOWN_99,ANGLE_FRONT_TO_SIDE,EL MIRAGE,2011-04-03 10:26:00,FAILED_TO_YIELD_RIGHT_OF_WAY_103,NO_IMPROPER_ACTION
2507440,2,ANGLE_FRONT_TO_SIDE,-112.202797238581,33.5889697835556,2,FOUR_WAY_INTERSECTION,ANGLE_FRONT_TO_SIDE,PEORIA,2011-04-07 17:05:00,DISREGARDED_TRAFFIC_SIGNAL,NO_IMPROPER_ACTION
2507459,2,ANGLE_FRONT_TO_SIDE,-112.251744693716,33.4506692612861,1,UNKNOWN_99,ANGLE_FRONT_TO_SIDE,TOLLESON,2011-04-11 16:51:00,OTHER_97,NO_IMPROPER_ACTION+NOT_APPLICABLE_MINUS_1+NOT_APPLICABLE_MINUS_1
2507563,2,ANGLE_FRONT_TO_SIDE,-111.680457500188,33.3942362254916,3,FOUR_WAY_INTERSECTION,ANGLE_FRONT_TO_SIDE,MESA,2011-04-07 17:29:00,INATTENTION_DISTRACTION,NOT_APPLICABLE_MINUS_1+NO_IMPROPER_ACTION
2507566,2,ANGLE_FRONT_TO_SIDE,-111.771210793934,33.3936419542543,2,FOUR_WAY_INTERSECTION,ANGLE_FRONT_TO_SIDE,MESA,2011-04-06 12:21:00,MADE_IMPROPER_TURN,NO_IMPROPER_ACTION
2507595,2,ANGLE_FRONT_TO_SIDE,-111.822626373607,33.4383194928552,2,T_INTERSECTION,ANGLE_FRONT_TO_SIDE,MESA,2011-04-02 15:17:00,NO_IMPROPER_ACTION,OTHER_97
2507599,2,ANGLE_FRONT_TO_SIDE,-111.753643674883,33.4227531762804,4,FOUR_WAY_INTERSECTION,ANGLE_FRONT_TO_SIDE,MESA,2011-04-06 10:02:00,OTHER_97,NO_IMPROPER_ACTION
2507651,2,ANGLE_FRONT_TO_SIDE,-111.874544677299,33.4064810920802,3,FOUR_WAY_INTERSECTION,ANGLE_FRONT_TO_SIDE,MESA,2011-04-06 17:08:00,NO_IMPROPER_ACTION,NOT_APPLICABLE_MINUS_1+ELECTRONIC_COMMUNICATIONS_DEVICE
2507736,2,ANGLE_FRONT_TO_SIDE,-111.770969936469,33.4299755292675,3,FOUR_WAY_INTERSECTION,ANGLE_FRONT_TO_SIDE,MESA,2011-04-12 08:15:00,DISREGARDED_TRAFFIC_SIGNAL,NOT_APPLICABLE_MINUS_1+NO_IMPROPER_ACTION+NOT_APPLICABLE_MINUS_1
2507750,2,ANGLE_FRONT_TO_SIDE,-111.839836944104,33.4422319847431,4,UNKNOWN_99,ANGLE_FRONT_TO_SIDE,MESA,2011-04-13 21:29:00,DROVE_RODE_IN_OPPOSING_TRAFFIC_LANE,NO_IMPROPER_ACTION
2507752,2,ANGLE_FRONT_TO_SIDE,-111.813772607433,33.4514925767296,3,FOUR_WAY_INTERSECTION,ANGLE_FRONT_TO_SIDE,MESA,2011-04-18 07:14:00,DISREGARDED_TRAFFIC_SIGNAL,NO_IMPROPER_ACTION
2507771,2,OTHER_97,-111.863734855375,33.3936412512913,2,T_INTERSECTION,OTHER_97,MESA,2011-04-08 17:00:00,NO_IMPROPER_ACTION,OTHER_97
2507775,2,OTHER_97,-112.134152233498,33.5530121206457,2,LEGACY_INTERSECTION_RELATED_PRIOR_2009_98,OTHER_97,PHOENIX,2011-02-18 11:45:00,NO_IMPROPER_ACTION,NOT_APPLICABLE_MINUS_1+NOT_APPLICABLE_MINUS_1+FAILED_TO_YIELD_RIGHT_OF_WAY_103
2507776,2,OTHER_97,-112.02796854403,33.6262615297984,3,NOT_AT_INTERSECTION_0,OTHER_97,PHOENIX,2011-03-16 13:57:00,INATTENTION_DISTRACTION,NO_IMPROPER_ACTION
2507995,2,ANGLE_FRONT_TO_SIDE,-111.613547613331,35.2146014190248,3,UNKNOWN_99,ANGLE_FRONT_TO_SIDE,FLAGSTAFF,2011-04-13 15:35:00,DROVE_RODE_IN_OPPOSING_TRAFFIC_LANE,INATTENTION_DISTRACTION
2508017,2,LEFT_TURN,-111.64774217045,35.2002938308493,2,UNKNOWN_99,LEFT_TURN,FLAGSTAFF,2011-04-12 08:24:00,NO_IMPROPER_ACTION,OTHER_97
2508022,2,OTHER_97,-111.736345321298,33.4380789646958,2,T_INTERSECTION,OTHER_97,MESA,2011-04-19 16:52:00,NO_IMPROPER_ACTION,NO_IMPROPER_ACTION+NOT_APPLICABLE_MINUS_1
2508077,2,OTHER_97,-112.210354548193,33.5670564578954,4,UNKNOWN_99,OTHER_97,GLENDALE,2011-04-18 17:51:00,NO_IMPROPER_ACTION,OTHER_97
2508116,2,OTHER_97,-112.237597117958,33.5792164841478,3,UNKNOWN_99,OTHER_97,PEORIA,2011-04-16 17:17:00,DROVE_RODE_IN_OPPOSING_TRAFFIC_LANE,UNKNOWN_99
2508310,2,SIDESWIPE_OPPOSITE_DIRECTION,-112.872482480989,32.3762697139198,2,FOUR_WAY_INTERSECTION,SIDESWIPE_OPPOSITE_DIRECTION,UNSPECIFIED_999,2011-02-21 18:27:00,ELECTRONIC_COMMUNICATIONS_DEVICE,NO_IMPROPER_ACTION
2508358,2,ANGLE_FRONT_TO_SIDE,-111.969522456421,33.4092416994947,1,FOUR_WAY_INTERSECTION,ANGLE_FRONT_TO_SIDE,TEMPE,2011-02-24 20:15:00,DISREGARDED_TRAFFIC_SIGNAL,UNKNOWN_99+NOT_APPLICABLE_MINUS_1
2508401,2,OTHER_97,-110.948260054022,32.2316420081765,3,FOUR_WAY_INTERSECTION,OTHER_97,TUCSON,2011-04-21 16:16:00,NO_IMPROPER_ACTION,DISREGARDED_TRAFFIC_SIGNAL
2508429,2,OTHER_97,-110.95194673186,31.441767642833,1,UNKNOWN_99,OTHER_97,UNSPECIFIED_999,2011-04-14 15:42:00,UNKNOWN_99,NOT_APPLICABLE_MINUS_1+NO_IMPROPER_ACTION
2508503,2,OTHER_97,-111.704725459054,33.3649407557056,3,FOUR_WAY_INTERSECTION,OTHER_97,GILBERT,2011-04-05 16:14:00,DISREGARDED_TRAFFIC_SIGNAL,NO_IMPROPER_ACTION
2508513,2,ANGLE_FRONT_TO_SIDE,-111.755646192933,33.3356942694171,3,FOUR_WAY_INTERSECTION,ANGLE_FRONT_TO_SIDE,GILBERT,2011-04-06 09:39:00,OTHER_97,NOT_APPLICABLE_MINUS_1+OTHER_97+NOT_APPLICABLE_MINUS_1
2508578,2,ANGLE_FRONT_TO_SIDE,-112.073813097798,33.4482410804499,1,FOUR_WAY_INTERSECTION,ANGLE_FRONT_TO_SIDE,GILBERT,2011-04-03 21:47:00,NO_IMPROPER_ACTION,MADE_IMPROPER_TURN
2508598,2,ANGLE_FRONT_TO_SIDE,-112.292824305437,33.4694711694377,3,T_INTERSECTION,ANGLE_FRONT_TO_SIDE,AVONDALE,2011-04-02 17:31:00,DROVE_RODE_IN_OPPOSING_TRAFFIC_LANE,FAILED_TO_YIELD_RIGHT_OF_WAY_103
2508663,2,LEFT_TURN,-110.952306242635,32.2342015838666,2,UNKNOWN_99,LEFT_TURN,TUCSON,2011-04-06 09:55:00,UNKNOWN_99,UNKNOWN_99
2508697,2,ANGLE_FRONT_TO_SIDE,-112.426171735348,33.4356465593815,3,UNKNOWN_99,ANGLE_FRONT_TO_SIDE,GOODYEAR,2011-04-05 12:16:00,OTHER_97,NO_IMPROPER_ACTION+NOT_APPLICABLE_MINUS_1+NOT_APPLICABLE_MINUS_1+NOT_APPLICABLE_MINUS_1
2508699,2,REAR_END,-111.753762568781,33.4082280479437,3,FOUR_WAY_INTERSECTION,REAR_END,MESA,2011-04-04 11:52:00,FOLLOWED_TOO_CLOSELY,NOT_APPLICABLE_MINUS_1+NO_IMPROPER_ACTION
2508728,2,ANGLE_FRONT_TO_SIDE,-111.837779028451,33.4514535013007,3,UNKNOWN_99,ANGLE_FRONT_TO_SIDE,MESA,2011-04-05 14:25:00,OTHER_97,NO_IMPROPER_ACTION+NOT_APPLICABLE_MINUS_1
2508739,2,ANGLE_FRONT_TO_SIDE,-111.844166661921,33.4150721326736,2,FOUR_WAY_INTERSECTION,ANGLE_FRONT_TO_SIDE,MESA,2011-04-04 10:19:00,OTHER_97,NO_IMPROPER_ACTION
2508742,4,ANGLE_FRONT_TO_SIDE,-111.831450282766,33.422322574092,3,FOUR_WAY_INTERSECTION,ANGLE_FRONT_TO_SIDE,MESA,2011-04-04 15:19:00,NO_IMPROPER_ACTION,NO_IMPROPER_ACTION+NO_IMPROPER_ACTION+OTHER_97
2508780,2,ANGLE_FRONT_TO_SIDE,-111.926120100032,33.4913386767661,4,FOUR_WAY_INTERSECTION,ANGLE_FRONT_TO_SIDE,SCOTTSDALE,2011-04-22 09:14:00,UNKNOWN_99,UNKNOWN_99+NOT_APPLICABLE_MINUS_1
2508808,2,ANGLE_FRONT_TO_SIDE,-111.908856340117,33.4948621991771,3,FOUR_WAY_INTERSECTION,ANGLE_FRONT_TO_SIDE,SCOTTSDALE,2011-04-30 18:34:00,WALKED_ON_WRONG_SIDE_OF_ROAD,NO_IMPROPER_ACTION
2508811,2,ANGLE_FRONT_TO_SIDE,-111.911246126886,33.4658017047624,3,NOT_AT_INTERSECTION_0,ANGLE_FRONT_TO_SIDE,SCOTTSDALE,2011-04-16 13:58:00,NO_IMPROPER_ACTION,NO_IMPROPER_ACTION
2508813,2,OTHER_97,-111.735673352181,32.9087628336794,2,NOT_AT_INTERSECTION_0,OTHER_97,CASA GRANDE,2011-04-05 08:01:00,DROVE_RODE_IN_OPPOSING_TRAFFIC_LANE,INATTENTION_DISTRACTION
2508983,2,OTHER_97,-110.934100524071,32.1632483932355,3,NOT_AT_INTERSECTION_0,OTHER_97,TUCSON,2011-02-09 14:17:00,INATTENTION_DISTRACTION,NO_IMPROPER_ACTION
2509171,3,SIDESWIPE_SAME_DIRECTION,-111.922873116042,33.4997290697056,1,NOT_AT_INTERSECTION_0,SIDESWIPE_SAME_DIRECTION,SCOTTSDALE,2011-04-10 00:27:00,OTHER_UNSAFE_PASSING,NO_IMPROPER_ACTION+NO_IMPROPER_ACTION+NOT_APPLICABLE_MINUS_1+NOT_APPLICABLE_MINUS_1
2509243,2,ANGLE_FRONT_TO_SIDE,-111.895928552712,33.5093830657811,3,FOUR_WAY_INTERSECTION,ANGLE_FRONT_TO_SIDE,SCOTTSDALE,2011-04-19 17:17:00,DISREGARDED_TRAFFIC_SIGNAL,NO_IMPROPER_ACTION
2509249,2,ANGLE_FRONT_TO_SIDE,-111.9260442163,33.5784476221127,3,FOUR_WAY_INTERSECTION,ANGLE_FRONT_TO_SIDE,SCOTTSDALE,2011-04-19 18:27:00,DROVE_RODE_IN_OPPOSING_TRAFFIC_LANE,INATTENTION_DISTRACTION
2509264,2,ANGLE_FRONT_TO_SIDE,-111.863434407003,33.6291050588426,3,FOUR_WAY_INTERSECTION,ANGLE_FRONT_TO_SIDE,SCOTTSDALE,2011-04-26 16:11:00,NO_IMPROPER_ACTION,FAILED_TO_YIELD_RIGHT_OF_WAY_103
2509268,2,SIDESWIPE_SAME_DIRECTION,-110.654374499894,36.4771078864592,3,NOT_AT_INTERSECTION_0,SIDESWIPE_SAME_DIRECTION,UNSPECIFIED_999,2011-06-20 05:51:00,NO_IMPROPER_ACTION,INATTENTION_DISTRACTION
2509398,2,ANGLE_FRONT_TO_SIDE,-111.9434551971,33.5820344733709,3,FOUR_WAY_INTERSECTION,ANGLE_FRONT_TO_SIDE,PHOENIX,2011-04-22 12:53:00,DROVE_RODE_IN_OPPOSING_TRAFFIC_LANE,FAILED_TO_YIELD_RIGHT_OF_WAY_103
2509425,2,ANGLE_FRONT_TO_SIDE,-111.908765132589,33.5239123682186,2,FOUR_WAY_INTERSECTION,ANGLE_FRONT_TO_SIDE,SCOTTSDALE,2011-04-04 16:36:00,NO_IMPROPER_ACTION,FAILED_TO_YIELD_RIGHT_OF_WAY_103
2509428,2,ANGLE_FRONT_TO_SIDE,-111.821419886523,33.5940135699636,3,T_INTERSECTION,ANGLE_FRONT_TO_SIDE,SCOTTSDALE,2011-04-02 16:33:00,INATTENTION_DISTRACTION,NO_IMPROPER_ACTION
2509484,2,ANGLE_FRONT_TO_SIDE,-112.133598243879,33.3920864390612,2,FOUR_WAY_INTERSECTION,ANGLE_FRONT_TO_SIDE,PHOENIX,2011-03-09 13:49:00,DISREGARDED_TRAFFIC_SIGNAL,NO_IMPROPER_ACTION
2509629,2,ANGLE_FRONT_TO_SIDE,-112.134429085748,33.4706837843442,2,UNKNOWN_99,ANGLE_FRONT_TO_SIDE,PHOENIX,2011-03-24 11:30:00,NO_IMPROPER_ACTION,INATTENTION_DISTRACTION
2509712,2,ANGLE_FRONT_TO_SIDE,-112.134529856066,33.4804649745901,4,FOUR_WAY_INTERSECTION,ANGLE_FRONT_TO_SIDE,PHOENIX,2011-03-30 19:16:00,DISREGARDED_TRAFFIC_SIGNAL,NOT_APPLICABLE_MINUS_1+NO_IMPROPER_ACTION+NOT_APPLICABLE_MINUS_1
2509776,2,ANGLE_FRONT_TO_SIDE,-111.989023328322,33.3050966941156,2,FOUR_WAY_INTERSECTION,ANGLE_FRONT_TO_SIDE,PHOENIX,2011-03-30 07:03:00,DISREGARDED_TRAFFIC_SIGNAL,NO_IMPROPER_ACTION
2509814,2,ANGLE_FRONT_TO_SIDE,-112.151567985106,33.5095806722949,2,FOUR_WAY_INTERSECTION,ANGLE_FRONT_TO_SIDE,GLENDALE,2011-03-30 14:39:00,DROVE_RODE_IN_OPPOSING_TRAFFIC_LANE,NO_IMPROPER_ACTION
2509830,2,ANGLE_FRONT_TO_SIDE,-112.244143454046,33.5087980856521,1,T_INTERSECTION,ANGLE_FRONT_TO_SIDE,GLENDALE,2011-03-21 07:37:00,NO_IMPROPER_ACTION,NO_IMPROPER_ACTION+NOT_APPLICABLE_MINUS_1
2509844,2,OTHER_97,-112.073281524748,33.3817126381885,4,NOT_AT_INTERSECTION_0,OTHER_97,PHOENIX,2011-03-04 12:00:00,FAILED_TO_YIELD_RIGHT_OF_WAY_103,NO_IMPROPER_ACTION
2509862,2,OTHER_97,-112.060613723682,33.5093014506675,3,NOT_AT_INTERSECTION_0,OTHER_97,PHOENIX,2011-03-04 17:19:00,FAILED_TO_YIELD_RIGHT_OF_WAY_103,FAILED_TO_YIELD_RIGHT_OF_WAY_103
2510198,3,REAR_END,-112.134285544843,33.5819557791638,1,FOUR_WAY_INTERSECTION,REAR_END,PHOENIX,2011-03-12 19:21:00,NO_IMPROPER_ACTION,INATTENTION_DISTRACTION+NO_IMPROPER_ACTION+NOT_APPLICABLE_MINUS_1+NOT_APPLICABLE_MINUS_1
2510265,2,ANGLE_FRONT_TO_SIDE,-111.979537124329,33.3226616752701,2,T_INTERSECTION,ANGLE_FRONT_TO_SIDE,PHOENIX,2011-03-25 14:37:00,OTHER_97,NO_IMPROPER_ACTION+NOT_APPLICABLE_MINUS_1
2510303,2,ANGLE_FRONT_TO_SIDE,-112.073946579838,33.4513939899134,3,FOUR_WAY_INTERSECTION,ANGLE_FRONT_TO_SIDE,PHOENIX,2011-03-26 06:43:00,DISREGARDED_TRAFFIC_SIGNAL,NO_IMPROPER_ACTION
2510339,2,LEFT_TURN,-111.927528274706,33.4220129461272,2,UNKNOWN_99,LEFT_TURN,TEMPE,2011-03-01 17:03:00,NO_IMPROPER_ACTION,INATTENTION_DISTRACTION+NOT_APPLICABLE_MINUS_1+NOT_APPLICABLE_MINUS_1
2510347,2,LEFT_TURN,-111.942388835049,33.4219286721596,1,FOUR_WAY_INTERSECTION,LEFT_TURN,TEMPE,2011-03-14 10:24:00,NO_IMPROPER_ACTION,OTHER_97
2510379,2,ANGLE_FRONT_TO_SIDE,-111.911163680943,33.3722410607475,3,FOUR_WAY_INTERSECTION,ANGLE_FRONT_TO_SIDE,TEMPE,2011-03-08 16:13:00,DROVE_RODE_IN_OPPOSING_TRAFFIC_LANE,NO_IMPROPER_ACTION
2510388,2,LEFT_TURN,-112.063408296314,33.2909452985217,4,T_INTERSECTION,LEFT_TURN,PHOENIX,2011-03-25 08:20:00,NO_IMPROPER_ACTION,DISREGARDED_TRAFFIC_SIGNAL
2510428,2,UNKNOWN_99,-111.980431034946,33.3286722829867,3,UNKNOWN_99,UNKNOWN_99,PHOENIX,2011-03-07 08:07:00,NO_IMPROPER_ACTION,MADE_IMPROPER_TURN
2510429,2,UNKNOWN_99,-112.099632198149,33.5748525933874,3,FOUR_WAY_INTERSECTION,UNKNOWN_99,PHOENIX,2011-03-09 07:30:00,UNKNOWN_99,UNKNOWN_99
2510545,2,SIDESWIPE_SAME_DIRECTION,-112.010806599558,33.6406098560066,4,UNKNOWN_99,SIDESWIPE_SAME_DIRECTION,PHOENIX,2011-03-11 21:37:00,INATTENTION_DISTRACTION,NO_IMPROPER_ACTION
2510654,2,SIDESWIPE_SAME_DIRECTION,-112.117462787913,33.4949449411045,3,UNKNOWN_99,SIDESWIPE_SAME_DIRECTION,PHOENIX,2011-03-09 21:06:00,NO_IMPROPER_ACTION,UNKNOWN_99
2510829,2,ANGLE_FRONT_TO_SIDE,-112.065163047781,33.5750748874023,2,FOUR_WAY_INTERSECTION,ANGLE_FRONT_TO_SIDE,PHOENIX,2011-03-15 15:15:00,DISREGARDED_TRAFFIC_SIGNAL,NOT_APPLICABLE_MINUS_1+NO_IMPROPER_ACTION
2510844,2,ANGLE_FRONT_TO_SIDE,-112.089302338192,33.5711681962083,3,T_INTERSECTION,ANGLE_FRONT_TO_SIDE,PHOENIX,2011-03-14 13:06:00,DROVE_RODE_IN_OPPOSING_TRAFFIC_LANE,NO_IMPROPER_ACTION
2510853,2,LEFT_TURN,-112.065029042284,33.531421637621,3,UNKNOWN_99,LEFT_TURN,PHOENIX,2011-03-19 11:35:00,NO_IMPROPER_ACTION,UNKNOWN_99
2510858,2,ANGLE_FRONT_TO_SIDE,-112.203546336651,33.4658482760257,4,UNKNOWN_99,ANGLE_FRONT_TO_SIDE,PHOENIX,2011-03-22 08:32:00,FAILED_TO_KEEP_IN_PROPER_LANE,OTHER_97
2510868,2,OTHER_97,-111.995717980887,33.4656857040597,3,FOUR_WAY_INTERSECTION,OTHER_97,PHOENIX,2011-03-22 11:40:00,NO_IMPROPER_ACTION,FAILED_TO_YIELD_RIGHT_OF_WAY_103
2510912,2,OTHER_97,-112.056389998173,33.4801043666545,2,LEGACY_INTERSECTION_RELATED_PRIOR_2009_98,OTHER_97,PHOENIX,2011-03-01 11:34:00,OTHER_97,NO_IMPROPER_ACTION
2510939,2,OTHER_97,-112.116366488136,33.5821073087138,3,LEGACY_INTERSECTION_RELATED_PRIOR_2009_98,OTHER_97,PHOENIX,2011-03-08 16:23:00,NO_IMPROPER_ACTION,INATTENTION_DISTRACTION
2511243,2,ANGLE_FRONT_TO_SIDE,-111.995729378758,33.582748592836,3,FOUR_WAY_INTERSECTION,ANGLE_FRONT_TO_SIDE,PHOENIX,2011-03-19 20:00:00,UNKNOWN_99,DISREGARDED_TRAFFIC_SIGNAL
2511252,2,ANGLE_FRONT_TO_SIDE,-112.099900291924,33.499800502204,4,UNKNOWN_99,ANGLE_FRONT_TO_SIDE,PHOENIX,2011-03-19 21:29:00,OTHER_97,NO_IMPROPER_ACTION
2511286,2,ANGLE_FRONT_TO_SIDE,-112.104174304669,33.5095888449777,1,FOUR_WAY_INTERSECTION,ANGLE_FRONT_TO_SIDE,PHOENIX,2011-03-11 16:50:00,OTHER_97,NO_IMPROPER_ACTION
2511345,2,ANGLE_FRONT_TO_SIDE,-112.151811476726,33.4466802999989,3,UNKNOWN_99,ANGLE_FRONT_TO_SIDE,PHOENIX,2011-03-21 12:41:00,INATTENTION_DISTRACTION,INATTENTION_DISTRACTION
2511383,2,ANGLE_FRONT_TO_SIDE,-111.938610070882,33.3928683720842,2,NOT_REPORTED_255,ANGLE_FRONT_TO_SIDE,TEMPE,2011-02-21 21:02:00,DROVE_RODE_IN_OPPOSING_TRAFFIC_LANE,NO_IMPROPER_ACTION
2511496,2,ANGLE_FRONT_TO_SIDE,-112.065035934716,33.4998718342885,4,T_INTERSECTION,ANGLE_FRONT_TO_SIDE,PHOENIX,2011-03-24 18:58:00,DROVE_RODE_IN_OPPOSING_TRAFFIC_LANE,RAN_STOP_SIGN
2511500,2,ANGLE_FRONT_TO_SIDE,-112.129930262245,33.4985788504515,2,T_INTERSECTION,ANGLE_FRONT_TO_SIDE,PHOENIX,2011-03-26 19:03:00,NO_IMPROPER_ACTION,NO_IMPROPER_ACTION+NOT_APPLICABLE_MINUS_1