IncidentID,num_vehicles_involved,eCollisionManner,Longitude,Latitude,InjurySeverity,eIntersectionType,eCollisionManner,city_name,IncidentDateTime,cyclist_citations,driver_citations
2545740,2,ANGLE_FRONT_TO_SIDE,-112.065002849523,33.5144931680286,2,UNKNOWN_99,ANGLE_FRONT_TO_SIDE,PHOENIX,2011-08-03 10:22:00,DROVE_RODE_IN_OPPOSING_TRAFFIC_LANE,NO_IMPROPER_ACTION
2545789,2,ANGLE_FRONT_TO_SIDE,-112.099995267481,33.4459522149136,3,FOUR_WAY_INTERSECTION,ANGLE_FRONT_TO_SIDE,PHOENIX,2011-08-04 17:04:00,DROVE_RODE_IN_OPPOSING_TRAFFIC_LANE,NO_IMPROPER_ACTION
2546113,3,OTHER_97,-111.611135253099,33.5338431184205,3,NOT_AT_INTERSECTION_0,OTHER_97,UNSPECIFIED_999,2011-08-28 08:15:00,UNKNOWN_99+UNKNOWN_99,NOT_APPLICABLE_MINUS_1+UNKNOWN_99+NOT_APPLICABLE_MINUS_1
2546169,2,ANGLE_FRONT_TO_SIDE,-112.056480062491,33.5816543706606,3,UNKNOWN_99,ANGLE_FRONT_TO_SIDE,PHOENIX,2011-08-03 08:12:00,NO_IMPROPER_ACTION,FAILED_TO_YIELD_RIGHT_OF_WAY_103
2546257,2,ANGLE_FRONT_TO_SIDE,-112.077693642972,33.4483297712816,3,FOUR_WAY_INTERSECTION,ANGLE_FRONT_TO_SIDE,PHOENIX,2011-08-12 08:28:00,OTHER_97,NO_IMPROPER_ACTION
2546323,2,ANGLE_FRONT_TO_SIDE,-111.979495043875,33.3240274921657,3,UNKNOWN_99,ANGLE_FRONT_TO_SIDE,PHOENIX,2011-08-15 06:04:00,OTHER_97,OTHER_97
2546401,3,HEAD_ON,-111.795393327765,34.8639245627488,3,FOUR_WAY_INTERSECTION,HEAD_ON,SEDONA,2011-09-13 13:11:00,NO_IMPROPER_ACTION+NO_IMPROPER_ACTION,MADE_IMPROPER_TURN
2546403,2,ANGLE_FRONT_TO_SIDE,-111.683664703907,33.4370689540397,3,UNKNOWN_99,ANGLE_FRONT_TO_SIDE,MESA,2011-08-31 15:46:00,OTHER_97,NO_IMPROPER_ACTION
2546406,2,ANGLE_FRONT_TO_SIDE,-111.87438147716,33.4219269976646,1,FOUR_WAY_INTERSECTION,ANGLE_FRONT_TO_SIDE,MESA,2011-08-09 20:26:00,OTHER_97,MADE_IMPROPER_TURN
2546463,2,ANGLE_FRONT_TO_SIDE,-112.10577314049,33.6401182745755,3,T_INTERSECTION,ANGLE_FRONT_TO_SIDE,PHOENIX,2011-08-15 16:29:00,UNKNOWN_99,DISREGARDED_PAVEMENT_MARKINGS
2546524,2,REAR_END,-112.057165361139,33.3877781550613,3,UNKNOWN_99,REAR_END,PHOENIX,2011-08-05 20:55:00,NO_IMPROPER_ACTION,FOLLOWED_TOO_CLOSELY
2546766,2,ANGLE_FRONT_TO_SIDE,-110.960703909796,32.1176359511504,1,T_INTERSECTION,ANGLE_FRONT_TO_SIDE,UNSPECIFIED_999,2011-04-28 07:28:00,NO_IMPROPER_ACTION,OTHER_UNSAFE_PASSING
2546883,2,ANGLE_FRONT_TO_SIDE,-111.909249213924,33.3785768283804,3,FOUR_WAY_INTERSECTION,ANGLE_FRONT_TO_SIDE,TEMPE,2011-07-16 14:11:00,INATTENTION_DISTRACTION,NO_IMPROPER_ACTION
2546890,2,OTHER_97,-110.875176481614,32.2216173141817,1,FOUR_WAY_INTERSECTION,OTHER_97,TUCSON,2011-07-02 23:09:00,NO_IMPROPER_ACTION,INATTENTION_DISTRACTION
2546907,2,UNKNOWN_99,-110.909577960142,32.2291744588355,3,UNKNOWN_99,UNKNOWN_99,TUCSON,2011-07-01 15:30:00,OTHER_97,FAILED_TO_YIELD_RIGHT_OF_WAY_103
2546978,2,UNKNOWN_99,-110.772698118639,32.1156439555371,3,UNKNOWN_99,UNKNOWN_99,TUCSON,2011-07-07 06:37:00,NO_IMPROPER_ACTION,OTHER_UNSAFE_PASSING
2547101,2,ANGLE_FRONT_TO_SIDE,-112.108318674354,33.4948849786718,3,FOUR_WAY_INTERSECTION,ANGLE_FRONT_TO_SIDE,PHOENIX,2011-08-23 10:10:00,UNKNOWN_99,UNKNOWN_99
2547187,2,ANGLE_FRONT_TO_SIDE,-112.047593637992,33.4802157013375,3,FOUR_WAY_INTERSECTION,ANGLE_FRONT_TO_SIDE,PHOENIX,2011-08-20 14:35:00,DISREGARDED_TRAFFIC_SIGNAL,NO_IMPROPER_ACTION
2547195,2,ANGLE_FRONT_TO_SIDE,-111.988179072722,33.4657183576986,3,NOT_AT_INTERSECTION_0,ANGLE_FRONT_TO_SIDE,PHOENIX,2011-08-23 17:27:00,INATTENTION_DISTRACTION,NO_IMPROPER_ACTION
2547350,2,ANGLE_FRONT_TO_SIDE,-112.047032267728,33.6404066558568,2,UNKNOWN_99,ANGLE_FRONT_TO_SIDE,PHOENIX,2011-08-24 16:47:00,INATTENTION_DISTRACTION,INATTENTION_DISTRACTION
2547416,2,ANGLE_FRONT_TO_SIDE,0,0,4,FOUR_WAY_INTERSECTION,ANGLE_FRONT_TO_SIDE,YUMA,2011-09-09 12:07:00,DROVE_RODE_IN_OPPOSING_TRAFFIC_LANE,NO_IMPROPER_ACTION
2547444,2,LEFT_TURN,-112.025500199516,33.6285156111358,3,FOUR_WAY_INTERSECTION,LEFT_TURN,PHOENIX,2011-08-23 19:28:00,UNKNOWN_99,UNKNOWN_99
2547445,2,ANGLE_FRONT_TO_SIDE,-112.133679337483,33.624842012353,3,UNKNOWN_99,ANGLE_FRONT_TO_SIDE,PHOENIX,2011-08-22 17:20:00,INATTENTION_DISTRACTION,NOT_APPLICABLE_MINUS_1+NO_IMPROPER_ACTION
2547451,2,ANGLE_FRONT_TO_SIDE,-112.099521309724,33.5748542987724,3,FOUR_WAY_INTERSECTION,ANGLE_FRONT_TO_SIDE,PHOENIX,2011-08-25 16:42:00,DROVE_RODE_IN_OPPOSING_TRAFFIC_LANE,NO_IMPROPER_ACTION
2547498,2,ANGLE_FRONT_TO_SIDE,-112.012940209976,33.4626444807425,2,T_INTERSECTION,ANGLE_FRONT_TO_SIDE,PHOENIX,2011-08-27 15:52:00,NO_IMPROPER_ACTION,INATTENTION_DISTRACTION+NOT_APPLICABLE_MINUS_1
2547656,2,ANGLE_FRONT_TO_SIDE,-112.435063900059,33.6338695651155,2,FOUR_WAY_INTERSECTION,ANGLE_FRONT_TO_SIDE,SURPRISE,2011-08-18 06:53:00,FAILED_TO_YIELD_RIGHT_OF_WAY_103,NO_IMPROPER_ACTION
2547696,2,ANGLE_FRONT_TO_SIDE,-111.045961465931,32.3251104204905,3,NOT_AT_INTERSECTION_0,ANGLE_FRONT_TO_SIDE,MARANA,2011-09-09 15:22:00,NO_IMPROPER_ACTION,MADE_IMPROPER_TURN
2547700,2,LEFT_TURN,-112.099705758804,33.5241126759335,2,FOUR_WAY_INTERSECTION,LEFT_TURN,PHOENIX,2011-08-20 13:49:00,NO_IMPROPER_ACTION,FAILED_TO_YIELD_RIGHT_OF_WAY_103
2547752,2,ANGLE_FRONT_TO_SIDE,-112.114832308437,33.5094489322095,2,T_INTERSECTION,ANGLE_FRONT_TO_SIDE,PHOENIX,2011-08-29 05:21:00,NO_IMPROPER_ACTION,FAILED_TO_YIELD_RIGHT_OF_WAY_103
2547855,2,ANGLE_FRONT_TO_SIDE,-112.082456931807,33.5369257586199,2,T_INTERSECTION,ANGLE_FRONT_TO_SIDE,PHOENIX,2011-08-29 12:35:00,INATTENTION_DISTRACTION,INATTENTION_DISTRACTION
2547974,2,ANGLE_FRONT_TO_SIDE,-112.177635582046,33.4949011559787,3,FOUR_WAY_INTERSECTION,ANGLE_FRONT_TO_SIDE,PHOENIX,2011-09-01 03:25:00,FAILED_TO_YIELD_RIGHT_OF_WAY_103,NO_IMPROPER_ACTION
2547976,2,ANGLE_FRONT_TO_SIDE,-112.142696567024,33.5923680049847,2,UNKNOWN_99,ANGLE_FRONT_TO_SIDE,PHOENIX,2011-09-01 07:37:00,DROVE_RODE_IN_OPPOSING_TRAFFIC_LANE,FAILED_TO_YIELD_RIGHT_OF_WAY_103
2548009,2,LEFT_TURN,-112.346341909841,33.4327989831247,3,T_INTERSECTION,LEFT_TURN,AVONDALE,2011-09-15 17:36:00,FAILED_TO_YIELD_RIGHT_OF_WAY_103,NO_IMPROPER_ACTION
2548197,2,ANGLE_FRONT_TO_SIDE,-111.634998856621,35.1967570761718,3,T_INTERSECTION,ANGLE_FRONT_TO_SIDE,FLAGSTAFF,2011-09-19 16:31:00,DROVE_RODE_IN_OPPOSING_TRAFFIC_LANE,NOT_APPLICABLE_MINUS_1+NO_IMPROPER_ACTION
2548206,2,LEFT_TURN,-111.755662799838,33.3409053189944,3,T_INTERSECTION,LEFT_TURN,GILBERT,2011-09-03 16:00:00,NO_IMPROPER_ACTION,DISREGARDED_TRAFFIC_SIGNAL
2548216,2,ANGLE_FRONT_TO_SIDE,-111.864771392214,33.4148814166317,3,NOT_AT_INTERSECTION_0,ANGLE_FRONT_TO_SIDE,MESA,2011-09-01 13:49:00,OTHER_97,NOT_APPLICABLE_MINUS_1+NO_IMPROPER_ACTION
2548234,2,ANGLE_FRONT_TO_SIDE,-111.76218190239,33.3066987313132,1,NOT_AT_INTERSECTION_0,ANGLE_FRONT_TO_SIDE,GILBERT,2011-09-07 07:02:00,DISREGARDED_PAVEMENT_MARKINGS,NO_IMPROPER_ACTION
2548312,2,ANGLE_FRONT_TO_SIDE,-111.738118734403,33.3357471084335,3,FOUR_WAY_INTERSECTION,ANGLE_FRONT_TO_SIDE,GILBERT,2011-09-05 10:41:00,NO_IMPROPER_ACTION,NOT_APPLICABLE_MINUS_1+INATTENTION_DISTRACTION+NOT_APPLICABLE_MINUS_1
2548328,2,ANGLE_FRONT_TO_SIDE,-111.704747877128,33.3659017656348,2,NOT_AT_INTERSECTION_0,ANGLE_FRONT_TO_SIDE,GILBERT,2011-09-08 07:05:00,INATTENTION_DISTRACTION,NO_IMPROPER_ACTION
2548376,2,SIDESWIPE_SAME_DIRECTION,-111.647622463555,35.206579103982,3,NOT_AT_INTERSECTION_0,SIDESWIPE_SAME_DIRECTION,FLAGSTAFF,2011-09-23 14:31:00,NO_IMPROPER_ACTION,INATTENTION_DISTRACTION+NOT_APPLICABLE_MINUS_1+NOT_APPLICABLE_MINUS_1
2548454,2,SIDESWIPE_SAME_DIRECTION,-111.65531565485,35.1952708259463,2,Y_INTERSECTION,SIDESWIPE_SAME_DIRECTION,FLAGSTAFF,2011-09-23 13:38:00,NO_IMPROPER_ACTION,INATTENTION_DISTRACTION
2548458,2,OTHER_97,-111.645704835148,35.1996321117107,3,FOUR_WAY_INTERSECTION,OTHER_97,FLAGSTAFF,2011-09-01 11:08:00,NO_IMPROPER_ACTION,FAILED_TO_YIELD_RIGHT_OF_WAY_103
2548803,2,ANGLE_FRONT_TO_SIDE,-112.186533834027,33.5240739774077,2,NOT_REPORTED_255,ANGLE_FRONT_TO_SIDE,GLENDALE,2011-08-26 10:55:00,OTHER_97,NO_IMPROPER_ACTION
2548862,2,ANGLE_FRONT_TO_SIDE,0,0,2,T_INTERSECTION,ANGLE_FRONT_TO_SIDE,UNSPECIFIED_999,2011-09-14 18:51:00,DROVE_RODE_IN_OPPOSING_TRAFFIC_LANE,NO_IMPROPER_ACTION+NOT_APPLICABLE_MINUS_1
2548930,2,ANGLE_FRONT_TO_SIDE,-109.724033575106,32.8288920504673,2,T_INTERSECTION,ANGLE_FRONT_TO_SIDE,SAFFORD,2011-09-26 15:04:00,DROVE_RODE_IN_OPPOSING_TRAFFIC_LANE,NO_IMPROPER_ACTION
2549157,2,REAR_END,-111.62661724966,33.3740086361866,2,NOT_AT_INTERSECTION_0,REAR_END,MESA,2011-09-15 07:20:00,INATTENTION_DISTRACTION,INATTENTION_DISTRACTION
2549167,2,ANGLE_FRONT_TO_SIDE,-111.874489036142,33.4130825612335,2,FOUR_WAY_INTERSECTION,ANGLE_FRONT_TO_SIDE,MESA,2011-09-14 15:13:00,DISREGARDED_TRAFFIC_SIGNAL,NO_IMPROPER_ACTION
2549221,2,ANGLE_FRONT_TO_SIDE,-111.865426502417,33.4148793532021,3,FOUR_WAY_INTERSECTION,ANGLE_FRONT_TO_SIDE,MESA,2011-09-19 12:11:00,NO_IMPROPER_ACTION,OTHER_97
2549232,2,SIDESWIPE_OPPOSITE_DIRECTION,-111.846101652216,33.4295545614296,2,T_INTERSECTION,SIDESWIPE_OPPOSITE_DIRECTION,MESA,2011-09-14 15:19:00,NO_IMPROPER_ACTION,INATTENTION_DISTRACTION
2549326,2,ANGLE_FRONT_TO_SIDE,-111.744994871852,33.2989635785641,2,T_INTERSECTION,ANGLE_FRONT_TO_SIDE,GILBERT,2011-09-12 06:36:00,NO_IMPROPER_ACTION,RAN_STOP_SIGN
2549339,2,ANGLE_FRONT_TO_SIDE,-111.889320009191,33.4074981482487,2,T_INTERSECTION,ANGLE_FRONT_TO_SIDE,TEMPE,2011-09-10 19:40:00,UNKNOWN_99,UNKNOWN_99
2549342,2,LEFT_TURN,-111.726543156085,33.3075311119496,2,T_INTERSECTION,LEFT_TURN,GILBERT,2011-09-14 17:00:00,NO_IMPROPER_ACTION,OTHER_97
2549353,2,ANGLE_FRONT_TO_SIDE,-111.763311403619,33.3356544980178,3,FOUR_WAY_INTERSECTION,ANGLE_FRONT_TO_SIDE,GILBERT,2011-09-01 17:09:00,DISREGARDED_TRAFFIC_SIGNAL,NOT_APPLICABLE_MINUS_1+NO_IMPROPER_ACTION
2549365,2,ANGLE_FRONT_TO_SIDE,-111.934909053592,33.3927888215676,2,FOUR_WAY_INTERSECTION,ANGLE_FRONT_TO_SIDE,TEMPE,2011-09-08 09:51:00,OTHER_97,NO_IMPROPER_ACTION+NOT_APPLICABLE_MINUS_1
2549385,2,ANGLE_FRONT_TO_SIDE,-111.926289841125,33.424495222113,1,T_INTERSECTION,ANGLE_FRONT_TO_SIDE,TEMPE,2011-09-07 16:19:00,UNKNOWN_99,FAILED_TO_YIELD_RIGHT_OF_WAY_103
2549511,2,OTHER_97,-110.961003706891,32.2691540679639,4,NOT_AT_INTERSECTION_0,OTHER_97,TUCSON,2011-07-16 18:42:00,UNSAFE_LANE_CHANGE,NO_IMPROPER_ACTION
2549583,2,OTHER_97,-110.858272944398,32.1997129905981,4,NOT_AT_INTERSECTION_0,OTHER_97,TUCSON,2011-07-22 17:33:00,DID_NOT_USE_CROSSWALK,NO_IMPROPER_ACTION
2549599,2,ANGLE_FRONT_TO_SIDE,-111.840115152944,33.3823388950558,3,FOUR_WAY_INTERSECTION,ANGLE_FRONT_TO_SIDE,MESA,2011-09-13 11:26:00,OTHER_97,OTHER_97
2549640,2,ANGLE_FRONT_TO_SIDE,-111.684104041541,33.4530624620343,3,UNKNOWN_99,ANGLE_FRONT_TO_SIDE,MESA,2011-09-08 09:13:00,NO_IMPROPER_ACTION,OTHER_97
2549917,2,SIDESWIPE_SAME_DIRECTION,-111.85050578663,34.8445488345214,4,NOT_AT_INTERSECTION_0,SIDESWIPE_SAME_DIRECTION,UNSPECIFIED_999,2011-09-24 07:52:00,NO_IMPROPER_ACTION,OTHER_97
2549936,2,SIDESWIPE_SAME_DIRECTION,-111.647588020973,35.1687431067142,2,UNKNOWN_99,SIDESWIPE_SAME_DIRECTION,FLAGSTAFF,2011-09-04 10:47:00,NO_IMPROPER_ACTION,NOT_APPLICABLE_MINUS_1+INATTENTION_DISTRACTION
2549961,2,ANGLE_FRONT_TO_SIDE,-111.571531267769,33.4150727046819,1,UNKNOWN_99,ANGLE_FRONT_TO_SIDE,APACHE JUNCTION,2011-09-06 15:41:00,OTHER_97,NO_IMPROPER_ACTION
2549974,2,OTHER_97,-111.645814889391,35.1925556837362,3,FOUR_WAY_INTERSECTION,OTHER_97,FLAGSTAFF,2011-09-07 16:27:00,UNKNOWN_99,UNKNOWN_99+NOT_APPLICABLE_MINUS_1
2549993,2,ANGLE_FRONT_TO_SIDE,-111.668586543373,35.1646437531258,1,T_INTERSECTION,ANGLE_FRONT_TO_SIDE,FLAGSTAFF,2011-09-08 07:45:00,NO_IMPROPER_ACTION,NO_IMPROPER_ACTION
2550090,2,ANGLE_FRONT_TO_SIDE,-111.926446105939,33.4470730399642,2,UNKNOWN_99,ANGLE_FRONT_TO_SIDE,TEMPE,2011-06-27 07:07:00,INATTENTION_DISTRACTION,NO_IMPROPER_ACTION
2550095,2,SIDESWIPE_SAME_DIRECTION,-111.897612692293,33.4074921716105,3,UNKNOWN_99,SIDESWIPE_SAME_DIRECTION,TEMPE,2011-06-28 02:38:00,NO_IMPROPER_ACTION,UNKNOWN_99
2550098,2,ANGLE_FRONT_TO_SIDE,-111.911206454418,33.3567993811893,3,UNKNOWN_99,ANGLE_FRONT_TO_SIDE,TEMPE,2011-06-27 07:13:00,NO_IMPROPER_ACTION,DISREGARDED_TRAFFIC_SIGNAL
2550111,2,UNKNOWN_99,-112.186250014622,33.5699368971808,2,NOT_AT_INTERSECTION_0,UNKNOWN_99,GLENDALE,2011-07-25 20:47:00,NO_IMPROPER_ACTION,NO_IMPROPER_ACTION
2550116,2,SIDESWIPE_OPPOSITE_DIRECTION,-112.220459549992,33.5379303606081,3,FOUR_WAY_INTERSECTION,SIDESWIPE_OPPOSITE_DIRECTION,GLENDALE,2011-07-24 21:30:00,NO_IMPROPER_ACTION,FAILED_TO_YIELD_RIGHT_OF_WAY_103
2550385,2,ANGLE_FRONT_TO_SIDE,-111.876346076919,33.3059943847873,2,FOUR_WAY_INTERSECTION,ANGLE_FRONT_TO_SIDE,CHANDLER,2011-09-03 18:27:00,DROVE_RODE_IN_OPPOSING_TRAFFIC_LANE,NO_IMPROPER_ACTION+NOT_APPLICABLE_MINUS_1+NOT_APPLICABLE_MINUS_1
2550483,2,HEAD_ON,-111.648998533328,35.2006807737441,3,FOUR_WAY_INTERSECTION,HEAD_ON,FLAGSTAFF,2011-09-27 07:54:00,NO_IMPROPER_ACTION,SPEED_TOO_FAST_FOR_CONDITIONS
2550552,2,SIDESWIPE_SAME_DIRECTION,-111.685889724943,33.278272330217,3,UNKNOWN_99,SIDESWIPE_SAME_DIRECTION,QUEEN CREEK,2011-08-11 10:06:00,UNSAFE_LANE_CHANGE,NO_IMPROPER_ACTION
2550606,2,ANGLE_FRONT_TO_SIDE,-112.180408486521,33.6107509631486,3,NOT_AT_INTERSECTION_0,ANGLE_FRONT_TO_SIDE,GLENDALE,2011-08-17 13:37:00,NO_IMPROPER_ACTION,UNKNOWN_99
2550820,2,ANGLE_FRONT_TO_SIDE,-111.848414055013,33.2765150538179,3,T_INTERSECTION,ANGLE_FRONT_TO_SIDE,CHANDLER,2011-08-30 13:30:00,FAILED_TO_YIELD_RIGHT_OF_WAY_103,NO_IMPROPER_ACTION
2550905,2,ANGLE_FRONT_TO_SIDE,-110.946768136867,32.2373433922789,3,FOUR_WAY_INTERSECTION,ANGLE_FRONT_TO_SIDE,TUCSON,2011-09-19 16:09:00,RAN_STOP_SIGN,NO_IMPROPER_ACTION
2550938,2,ANGLE_FRONT_TO_SIDE,-112.190638029492,33.5313055642622,2,FOUR_WAY_INTERSECTION,ANGLE_FRONT_TO_SIDE,GLENDALE,2011-08-14 16:32:00,OTHER_97,INATTENTION_DISTRACTION
2550943,2,ANGLE_FRONT_TO_SIDE,-112.185694822507,33.6260048636215,2,NOT_AT_INTERSECTION_0,ANGLE_FRONT_TO_SIDE,GLENDALE,2011-08-15 15:05:00,NO_IMPROPER_ACTION,OTHER_97
2551030,2,OTHER_97,-111.653069725416,33.4151582056384,4,UNKNOWN_99,OTHER_97,UNSPECIFIED_999,2011-08-22 13:18:00,DROVE_RODE_IN_OPPOSING_TRAFFIC_LANE,NO_IMPROPER_ACTION
2551154,2,ANGLE_FRONT_TO_SIDE,-112.202829132835,33.5817037042712,2,FOUR_WAY_INTERSECTION,ANGLE_FRONT_TO_SIDE,GLENDALE,2011-08-10 20:51:00,FAILED_TO_YIELD_RIGHT_OF_WAY_103,NO_IMPROPER_ACTION
2551181,2,ANGLE_FRONT_TO_SIDE,-111.999273772017,33.6406788041711,3,NOT_AT_INTERSECTION_0,ANGLE_FRONT_TO_SIDE,PHOENIX,2011-08-30 07:45:00,OTHER_97,NO_IMPROPER_ACTION
2551223,2,OTHER_97,-111.8091465731,33.2917742225004,2,UNKNOWN_99,OTHER_97,CHANDLER,2011-08-31 17:11:00,OTHER_97,RAN_STOP_SIGN
2551237,2,OTHER_97,-112.321166790599,33.6159030683558,2,FOUR_WAY_INTERSECTION,OTHER_97,EL MIRAGE,2011-09-29 07:20:00,DROVE_RODE_IN_OPPOSING_TRAFFIC_LANE,FAILED_TO_KEEP_IN_PROPER_LANE
2551315,2,ANGLE_FRONT_TO_SIDE,-112.151517966915,33.5503384627631,3,UNKNOWN_99,ANGLE_FRONT_TO_SIDE,PHOENIX,2011-09-06 09:11:00,OTHER_97,NOT_APPLICABLE_MINUS_1+NOT_APPLICABLE_MINUS_1+NO_IMPROPER_ACTION
2551346,2,ANGLE_FRONT_TO_SIDE,-112.03187006895,33.480294309499,3,UNKNOWN_99,ANGLE_FRONT_TO_SIDE,PHOENIX,2011-09-06 16:26:00,UNKNOWN_99,NO_IMPROPER_ACTION
2551362,2,ANGLE_FRONT_TO_SIDE,-112.021601052797,33.4986767193518,2,FOUR_WAY_INTERSECTION,ANGLE_FRONT_TO_SIDE,PHOENIX,2011-09-06 19:47:00,NO_IMPROPER_ACTION,INATTENTION_DISTRACTION
2551370,2,ANGLE_FRONT_TO_SIDE,-110.887175688657,32.3084548635596,2,FOUR_WAY_INTERSECTION,ANGLE_FRONT_TO_SIDE,UNSPECIFIED_999,2011-09-16 11:12:00,NO_IMPROPER_ACTION,MADE_IMPROPER_TURN
2551383,2,ANGLE_FRONT_TO_SIDE,-112.134758938948,33.6831997101921,2,UNKNOWN_99,ANGLE_FRONT_TO_SIDE,PHOENIX,2011-09-09 07:37:00,FAILED_TO_YIELD_RIGHT_OF_WAY_103,NOT_APPLICABLE_MINUS_1+NO_IMPROPER_ACTION
2551392,2,ANGLE_FRONT_TO_SIDE,-110.691210510398,35.0217975362422,1,T_INTERSECTION,ANGLE_FRONT_TO_SIDE,WINSLOW,2011-09-01 16:45:00,OTHER_97,NO_IMPROPER_ACTION
2551463,3,OTHER_97,-112.160197163548,33.5514671891113,2,NOT_REPORTED_255,OTHER_97,GLENDALE,2011-08-17 18:20:00,DROVE_RODE_IN_OPPOSING_TRAFFIC_LANE+DROVE_RODE_IN_OPPOSING_TRAFFIC_LANE,NO_IMPROPER_ACTION+NOT_APPLICABLE_MINUS_1
2551474,2,OTHER_97,-112.099681565046,33.555144240912,3,UNKNOWN_99,OTHER_97,PHOENIX,2011-09-16 16:30:00,OTHER_97,NO_IMPROPER_ACTION
2551523,2,LEFT_TURN,-111.663996605772,35.1741657109213,3,FOUR_WAY_INTERSECTION,LEFT_TURN,FLAGSTAFF,2011-10-03 14:49:00,NO_IMPROPER_ACTION,NOT_APPLICABLE_MINUS_1+INATTENTION_DISTRACTION
2551612,2,ANGLE_FRONT_TO_SIDE,-112.220459549992,33.5379303606081,2,FOUR_WAY_INTERSECTION,ANGLE_FRONT_TO_SIDE,GLENDALE,2011-07-30 19:55:00,NO_IMPROPER_ACTION,NOT_APPLICABLE_MINUS_1+FAILED_TO_YIELD_RIGHT_OF_WAY_103+NOT_APPLICABLE_MINUS_1
2551618,2,ANGLE_FRONT_TO_SIDE,-111.841607851584,33.2867426690518,2,FOUR_WAY_INTERSECTION,ANGLE_FRONT_TO_SIDE,CHANDLER,2011-09-05 17:25:00,DROVE_RODE_IN_OPPOSING_TRAFFIC_LANE,NO_IMPROPER_ACTION
2551678,2,OTHER_97,-112.177330454235,33.5963618317249,3,FOUR_WAY_INTERSECTION,OTHER_97,GLENDALE,2011-08-10 17:16:00,DISREGARDED_TRAFFIC_SIGNAL,NO_IMPROPER_ACTION
2551703,3,OTHER_97,-112.088546627714,33.4877326276862,2,NOT_REPORTED_255,OTHER_97,PHOENIX,2011-09-07 08:00:00,OTHER_97+OTHER_97,NO_IMPROPER_ACTION
2551707,2,ANGLE_FRONT_TO_SIDE,-112.12570176963,33.4803150300107,2,FOUR_WAY_INTERSECTION,ANGLE_FRONT_TO_SIDE,PHOENIX,2011-08-12 12:00:00,OTHER_97,NO_IMPROPER_ACTION
2551715,2,LEFT_TURN,-112.182068128965,33.638804770443,3,FOUR_WAY_INTERSECTION,LEFT_TURN,GLENDALE,2011-08-20 13:25:00,FAILED_TO_YIELD_RIGHT_OF_WAY_103,FAILED_TO_YIELD_RIGHT_OF_WAY_103
2551779,2,ANGLE_FRONT_TO_SIDE,-112.197142581873,33.5152605923631,3,T_INTERSECTION,ANGLE_FRONT_TO_SIDE,GLENDALE,2011-08-22 15:38:00,OTHER_97,NO_IMPROPER_ACTION
2551790,2,ANGLE_FRONT_TO_SIDE,-112.030209670514,33.5093217779573,1,FOUR_WAY_INTERSECTION,ANGLE_FRONT_TO_SIDE,PHOENIX,2011-09-11 15:50:00,NO_IMPROPER_ACTION,INATTENTION_DISTRACTION
2551913,2,ANGLE_FRONT_TO_SIDE,-112.322247333823,34.5859858043558,3,NOT_REPORTED_255,ANGLE_FRONT_TO_SIDE,PRESCOTT VALLEY,2011-09-29 10:59:00,DROVE_RODE_IN_OPPOSING_TRAFFIC_LANE,NO_IMPROPER_ACTION
2551926,2,ANGLE_FRONT_TO_SIDE,-111.977080406809,33.6806414586583,3,FOUR_WAY_INTERSECTION,ANGLE_FRONT_TO_SIDE,PHOENIX,2011-09-12 15:17:00,FAILED_TO_YIELD_RIGHT_OF_WAY_103,NO_IMPROPER_ACTION
2552037,2,ANGLE_FRONT_TO_SIDE,-112.125456019895,33.5819463718432,3,NOT_AT_INTERSECTION_0,ANGLE_FRONT_TO_SIDE,PHOENIX,2011-09-12 09:09:00,DROVE_RODE_IN_OPPOSING_TRAFFIC_LANE,NO_IMPROPER_ACTION
2552071,2,ANGLE_FRONT_TO_SIDE,-112.168858826499,33.6599374705749,3,T_INTERSECTION,ANGLE_FRONT_TO_SIDE,PHOENIX,2011-09-08 07:45:00,OTHER_97,OTHER_97
2552115,2,ANGLE_FRONT_TO_SIDE,-112.149663437344,33.5116905729722,3,T_INTERSECTION,ANGLE_FRONT_TO_SIDE,PHOENIX,2011-09-02 19:13:00,OTHER_97,NOT_APPLICABLE_MINUS_1+NO_IMPROPER_ACTION+NOT_APPLICABLE_MINUS_1
2552182,2,ANGLE_FRONT_TO_SIDE,-112.099003309818,33.3922656241129,3,FOUR_WAY_INTERSECTION,ANGLE_FRONT_TO_SIDE,PHOENIX,2011-09-02 11:30:00,OTHER_97,FAILED_TO_YIELD_RIGHT_OF_WAY_103
2552186,2,OTHER_97,-112.125140344598,33.6108306218367,2,FOUR_WAY_INTERSECTION,OTHER_97,PHOENIX,2011-09-07 18:29:00,NO_IMPROPER_ACTION,DISREGARDED_TRAFFIC_SIGNAL
2552196,2,ANGLE_FRONT_TO_SIDE,-112.134180367042,33.5092983966207,4,FOUR_WAY_INTERSECTION,ANGLE_FRONT_TO_SIDE,PHOENIX,2011-09-03 13:18:00,OTHER_97,NO_IMPROPER_ACTION+NOT_APPLICABLE_MINUS_1
2552233,2,OTHER_97,-112.150810277166,33.5531133146436,3,UNKNOWN_99,OTHER_97,PHOENIX,2011-09-09 07:23:00,OTHER_97,FAILED_TO_YIELD_RIGHT_OF_WAY_103
2552242,2,OTHER_97,-111.995871222447,33.3926315208391,3,NOT_AT_INTERSECTION_0,OTHER_97,PHOENIX,2011-09-12 12:22:00,OTHER_97,NO_IMPROPER_ACTION