IncidentID,num_vehicles_involved,eCollisionManner,Longitude,Latitude,InjurySeverity,eIntersectionType,eCollisionManner,city_name,IncidentDateTime,cyclist_citations,driver_citations
2564503,2,OTHER_97,-109.704930580921,32.8601794527357,4,T_INTERSECTION,OTHER_97,UNSPECIFIED_999,2011-10-29 11:20:00,RAN_STOP_SIGN,NO_IMPROPER_ACTION
2564540,2,LEFT_TURN,-112.28993317163,33.4789314965872,2,FOUR_WAY_INTERSECTION,LEFT_TURN,AVONDALE,2011-11-16 17:25:00,UNKNOWN_99,NOT_APPLICABLE_MINUS_1+UNKNOWN_99+NOT_APPLICABLE_MINUS_1
2564610,2,ANGLE_FRONT_TO_SIDE,0,0,3,FOUR_WAY_INTERSECTION,ANGLE_FRONT_TO_SIDE,PHOENIX,2011-10-21 18:35:00,KNOWINGLY_OPERATED_WITH_FAULTY_MISSING_EQUIPMENT,OTHER_97
2564628,2,ANGLE_FRONT_TO_SIDE,-111.764347089181,33.3501235128681,3,FOUR_WAY_INTERSECTION,ANGLE_FRONT_TO_SIDE,GILBERT,2011-11-07 14:39:00,UNKNOWN_99,UNKNOWN_99
2564765,2,REAR_TO_SIDE,-110.080531282891,34.5105953465811,1,NOT_AT_INTERSECTION_0,REAR_TO_SIDE,SNOWFLAKE,2011-10-19 08:59:00,INATTENTION_DISTRACTION,INATTENTION_DISTRACTION
2564867,2,REAR_END,-111.842278776772,33.3496542135531,2,NOT_AT_INTERSECTION_0,REAR_END,CHANDLER,2011-10-21 13:41:00,NO_IMPROPER_ACTION,SPEED_TOO_FAST_FOR_CONDITIONS
2564914,2,ANGLE_FRONT_TO_SIDE,-112.030213130591,33.5094605748533,3,FOUR_WAY_INTERSECTION,ANGLE_FRONT_TO_SIDE,PHOENIX,2011-10-22 14:40:00,NO_IMPROPER_ACTION,INATTENTION_DISTRACTION
2564926,3,ANGLE_FRONT_TO_SIDE,-112.041565826924,33.4874974077115,4,NOT_AT_INTERSECTION_0,ANGLE_FRONT_TO_SIDE,PHOENIX,2011-10-17 18:41:00,NO_IMPROPER_ACTION,INATTENTION_DISTRACTION
2564932,2,LEFT_TURN,-112.203064030098,33.712210173375,4,FOUR_WAY_INTERSECTION,LEFT_TURN,PHOENIX,2011-10-20 06:03:00,OTHER_97,INATTENTION_DISTRACTION
2564999,2,HEAD_ON,-112.11946935649,33.5675990766508,3,NOT_AT_INTERSECTION_0,HEAD_ON,PHOENIX,2011-10-17 16:00:00,INATTENTION_DISTRACTION,NO_IMPROPER_ACTION
2565006,2,ANGLE_FRONT_TO_SIDE,-112.134277042795,33.4922699258382,3,UNKNOWN_99,ANGLE_FRONT_TO_SIDE,PHOENIX,2011-10-20 14:12:00,NO_IMPROPER_ACTION,DISREGARDED_TRAFFIC_SIGNAL+NOT_APPLICABLE_MINUS_1
2565077,2,OTHER_97,-112.022207090116,33.6517636723731,3,T_INTERSECTION,OTHER_97,PHOENIX,2011-10-20 18:45:00,NO_IMPROPER_ACTION,NO_IMPROPER_ACTION
2565094,2,ANGLE_FRONT_TO_SIDE,-111.788308487964,33.3973849099823,4,T_INTERSECTION,ANGLE_FRONT_TO_SIDE,MESA,2011-11-01 15:22:00,UNKNOWN_99,INATTENTION_DISTRACTION
2565102,2,ANGLE_FRONT_TO_SIDE,-112.075801233794,33.5713481294223,2,UNKNOWN_99,ANGLE_FRONT_TO_SIDE,PHOENIX,2011-10-14 15:36:00,DROVE_RODE_IN_OPPOSING_TRAFFIC_LANE,NO_IMPROPER_ACTION
2565462,2,ANGLE_FRONT_TO_SIDE,-111.762044948396,33.4518336428413,2,FOUR_WAY_INTERSECTION,ANGLE_FRONT_TO_SIDE,MESA,2011-11-14 08:32:00,UNKNOWN_99,NO_IMPROPER_ACTION
2565492,2,ANGLE_FRONT_TO_SIDE,-112.214704315957,33.7176387844842,3,FOUR_WAY_INTERSECTION,ANGLE_FRONT_TO_SIDE,PEORIA,2011-11-07 07:49:00,OTHER_97,NOT_APPLICABLE_MINUS_1+NO_IMPROPER_ACTION+NOT_APPLICABLE_MINUS_1+NOT_APPLICABLE_MINUS_1+NOT_APPLICABLE_MINUS_1
2565539,2,ANGLE_FRONT_TO_SIDE,-112.228871656348,33.6101516783138,1,FOUR_WAY_INTERSECTION,ANGLE_FRONT_TO_SIDE,PEORIA,2011-11-04 19:21:00,DISREGARDED_TRAFFIC_SIGNAL,NO_IMPROPER_ACTION
2565878,2,OTHER_97,-111.866443148973,33.4076081662331,1,UNKNOWN_99,OTHER_97,MESA,2011-11-19 12:34:00,NO_IMPROPER_ACTION,NO_IMPROPER_ACTION
2565888,2,ANGLE_FRONT_TO_SIDE,-111.75369980203,33.4155167218113,3,FOUR_WAY_INTERSECTION,ANGLE_FRONT_TO_SIDE,MESA,2011-11-21 15:17:00,DISREGARDED_TRAFFIC_SIGNAL,NO_IMPROPER_ACTION
2565894,2,ANGLE_FRONT_TO_SIDE,-111.805456862474,33.3933640491149,3,FOUR_WAY_INTERSECTION,ANGLE_FRONT_TO_SIDE,MESA,2011-11-18 15:10:00,NO_IMPROPER_ACTION,NOT_APPLICABLE_MINUS_1+MADE_IMPROPER_TURN
2566189,2,OTHER_97,-111.876468224252,33.34953705709,2,FOUR_WAY_INTERSECTION,OTHER_97,CHANDLER,2011-10-15 22:45:00,KNOWINGLY_OPERATED_WITH_FAULTY_MISSING_EQUIPMENT,MADE_IMPROPER_TURN
2566202,2,HEAD_ON,-112.112110753778,33.5483141567556,3,NOT_REPORTED_255,HEAD_ON,PHOENIX,2011-10-02 11:53:00,DROVE_RODE_IN_OPPOSING_TRAFFIC_LANE,OTHER_97
2566228,2,SIDESWIPE_OPPOSITE_DIRECTION,-111.911154674177,33.3054034681864,1,FOUR_WAY_INTERSECTION,SIDESWIPE_OPPOSITE_DIRECTION,CHANDLER,2011-10-17 17:16:00,NO_IMPROPER_ACTION,MADE_IMPROPER_TURN
2566247,2,HEAD_ON,-111.926312788873,33.3929462881345,2,FOUR_WAY_INTERSECTION,HEAD_ON,TEMPE,2011-06-14 06:54:00,INATTENTION_DISTRACTION,NO_IMPROPER_ACTION
2566265,2,ANGLE_FRONT_TO_SIDE,-111.911174844281,33.3491256801616,2,NOT_AT_INTERSECTION_0,ANGLE_FRONT_TO_SIDE,TEMPE,2011-06-30 08:57:00,NO_IMPROPER_ACTION,SPEED_TOO_FAST_FOR_CONDITIONS
2566270,2,ANGLE_FRONT_TO_SIDE,-111.909964616589,33.4147584495012,1,NOT_REPORTED_255,ANGLE_FRONT_TO_SIDE,TEMPE,2011-06-30 16:03:00,DROVE_RODE_IN_OPPOSING_TRAFFIC_LANE,NO_IMPROPER_ACTION
2566318,2,ANGLE_FRONT_TO_SIDE,-111.917735026732,33.3930604089215,2,FOUR_WAY_INTERSECTION,ANGLE_FRONT_TO_SIDE,TEMPE,2011-08-22 11:37:00,DROVE_RODE_IN_OPPOSING_TRAFFIC_LANE,UNKNOWN_99
2566473,2,ANGLE_FRONT_TO_SIDE,-111.952498126972,33.3783464303009,2,FOUR_WAY_INTERSECTION,ANGLE_FRONT_TO_SIDE,TEMPE,2011-07-11 21:43:00,DROVE_RODE_IN_OPPOSING_TRAFFIC_LANE,FAILED_TO_YIELD_RIGHT_OF_WAY_103
2566482,2,ANGLE_FRONT_TO_SIDE,-111.928504494987,33.3443924240667,1,T_INTERSECTION,ANGLE_FRONT_TO_SIDE,TEMPE,2011-08-09 14:27:00,OTHER_97,NO_IMPROPER_ACTION
2566497,2,HEAD_ON,-111.943873782955,33.3782889242878,3,T_INTERSECTION,HEAD_ON,TEMPE,2011-08-04 18:07:00,OTHER_97,NO_IMPROPER_ACTION
2566502,2,ANGLE_FRONT_TO_SIDE,-111.919817171626,33.3491773933717,3,T_INTERSECTION,ANGLE_FRONT_TO_SIDE,TEMPE,2011-08-14 12:40:00,DROVE_RODE_IN_OPPOSING_TRAFFIC_LANE,NO_IMPROPER_ACTION
2566560,2,ANGLE_FRONT_TO_SIDE,-111.939876479922,33.412532508525,3,NOT_AT_INTERSECTION_0,ANGLE_FRONT_TO_SIDE,TEMPE,2011-08-07 17:44:00,DROVE_RODE_IN_OPPOSING_TRAFFIC_LANE,NO_IMPROPER_ACTION
2566573,2,ANGLE_FRONT_TO_SIDE,-111.926142577614,33.4168291108955,3,NOT_AT_INTERSECTION_0,ANGLE_FRONT_TO_SIDE,TEMPE,2011-08-15 13:28:00,NO_IMPROPER_ACTION,FAILED_TO_YIELD_RIGHT_OF_WAY_103
2566579,2,OTHER_97,-112.134241116724,33.5603156571309,5,FOUR_WAY_INTERSECTION,OTHER_97,PHOENIX,2011-07-09 09:53:00,DISREGARDED_TRAFFIC_SIGNAL,NO_IMPROPER_ACTION
2566601,2,ANGLE_FRONT_TO_SIDE,-111.939836846521,33.402019229257,3,T_INTERSECTION,ANGLE_FRONT_TO_SIDE,TEMPE,2011-08-18 08:19:00,OTHER_97,NOT_APPLICABLE_MINUS_1+NOT_APPLICABLE_MINUS_1+NO_IMPROPER_ACTION
2566637,2,ANGLE_FRONT_TO_SIDE,-111.943358981953,33.4253942763478,1,FOUR_WAY_INTERSECTION,ANGLE_FRONT_TO_SIDE,TEMPE,2011-08-05 11:03:00,OTHER_97,NO_IMPROPER_ACTION
2566643,2,HEAD_ON,-111.926299401469,33.4220271589329,3,FOUR_WAY_INTERSECTION,HEAD_ON,TEMPE,2011-08-08 18:28:00,OTHER_97,INATTENTION_DISTRACTION
2566675,2,ANGLE_FRONT_TO_SIDE,-111.859109244191,33.3531993794142,1,T_INTERSECTION,ANGLE_FRONT_TO_SIDE,CHANDLER,2011-10-16 11:30:00,UNKNOWN_99,UNKNOWN_99
2566767,2,ANGLE_FRONT_TO_SIDE,-111.772988678678,33.331911621574,1,T_INTERSECTION,ANGLE_FRONT_TO_SIDE,GILBERT,2011-11-16 22:25:00,RAN_STOP_SIGN,NOT_APPLICABLE_MINUS_1+NO_IMPROPER_ACTION
2566923,2,ANGLE_FRONT_TO_SIDE,-111.917676285319,33.4219038584083,3,FOUR_WAY_INTERSECTION,ANGLE_FRONT_TO_SIDE,TEMPE,2011-09-01 11:11:00,DROVE_RODE_IN_OPPOSING_TRAFFIC_LANE,NO_IMPROPER_ACTION
2566988,2,OTHER_97,-110.84161864136,32.2210051448087,2,UNKNOWN_99,OTHER_97,TUCSON,2011-09-16 07:40:00,SPEED_TOO_FAST_FOR_CONDITIONS,NO_IMPROPER_ACTION
2566993,2,ANGLE_FRONT_TO_SIDE,0,0,2,FOUR_WAY_INTERSECTION,ANGLE_FRONT_TO_SIDE,GILBERT,2011-11-15 18:29:00,DISREGARDED_TRAFFIC_SIGNAL,NO_IMPROPER_ACTION
2567008,2,OTHER_97,-110.823890965092,32.2366500882682,2,UNKNOWN_99,OTHER_97,TUCSON,2011-09-16 07:24:00,UNSAFE_LANE_CHANGE,UNKNOWN_99
2567011,2,OTHER_97,-110.924650854702,32.2360833740426,3,FOUR_WAY_INTERSECTION,OTHER_97,TUCSON,2011-09-17 10:56:00,DROVE_RODE_IN_OPPOSING_TRAFFIC_LANE,NO_IMPROPER_ACTION
2567014,2,ANGLE_FRONT_TO_SIDE,-111.972313861733,33.3927967507609,3,FOUR_WAY_INTERSECTION,ANGLE_FRONT_TO_SIDE,TEMPE,2011-07-23 19:24:00,OTHER_97,NO_IMPROPER_ACTION
2567018,2,OTHER_97,-110.910581822218,32.2542356656285,4,UNKNOWN_99,OTHER_97,TUCSON,2011-09-17 17:48:00,NO_IMPROPER_ACTION,INATTENTION_DISTRACTION
2567051,2,ANGLE_FRONT_TO_SIDE,-112.237681791168,33.5305213816715,2,FOUR_WAY_INTERSECTION,ANGLE_FRONT_TO_SIDE,GLENDALE,2011-10-05 20:06:00,INATTENTION_DISTRACTION,NOT_APPLICABLE_MINUS_1+NO_IMPROPER_ACTION
2567320,2,UNKNOWN_99,-111.661541011663,35.185684223474,2,UNKNOWN_99,UNKNOWN_99,FLAGSTAFF,2011-11-20 23:01:00,UNKNOWN_99,UNKNOWN_99
2567365,2,OTHER_97,-110.959450182792,32.2316898781703,3,FOUR_WAY_INTERSECTION,OTHER_97,TUCSON,2011-09-20 14:51:00,NO_IMPROPER_ACTION,FAILED_TO_YIELD_RIGHT_OF_WAY_103
2567387,2,HEAD_ON,-111.839405629721,33.435204120603,1,FOUR_WAY_INTERSECTION,HEAD_ON,MESA,2011-11-25 15:41:00,INATTENTION_DISTRACTION,NO_IMPROPER_ACTION
2567388,2,OTHER_97,-110.94383272021,32.2575627591383,3,FOUR_WAY_INTERSECTION,OTHER_97,TUCSON,2011-09-21 11:55:00,DISREGARDED_PAVEMENT_MARKINGS,FAILED_TO_YIELD_RIGHT_OF_WAY_103
2567408,2,ANGLE_FRONT_TO_SIDE,-111.713384680575,33.4155710654629,1,UNKNOWN_99,ANGLE_FRONT_TO_SIDE,MESA,2011-11-15 19:20:00,DROVE_RODE_IN_OPPOSING_TRAFFIC_LANE,INATTENTION_DISTRACTION
2567419,2,OTHER_97,-110.960104364788,32.2793647320207,3,UNKNOWN_99,OTHER_97,TUCSON,2011-09-22 17:47:00,NO_IMPROPER_ACTION,OTHER_97
2567431,2,OTHER_97,-110.972143639932,32.2738357913125,2,FOUR_WAY_INTERSECTION,OTHER_97,TUCSON,2011-09-22 17:08:00,DROVE_RODE_IN_OPPOSING_TRAFFIC_LANE,NO_IMPROPER_ACTION
2567463,2,OTHER_97,-110.950853214544,32.2348625003627,3,FOUR_WAY_INTERSECTION,OTHER_97,TUCSON,2011-11-08 14:50:00,INATTENTION_DISTRACTION,INATTENTION_DISTRACTION
2567480,2,ANGLE_FRONT_TO_SIDE,-111.987078004481,33.465719075996,2,FOUR_WAY_INTERSECTION,ANGLE_FRONT_TO_SIDE,PHOENIX,2011-10-28 22:07:00,NO_IMPROPER_ACTION,INATTENTION_DISTRACTION
2567535,2,ANGLE_FRONT_TO_SIDE,-112.073613507074,33.5120462097947,2,T_INTERSECTION,ANGLE_FRONT_TO_SIDE,PHOENIX,2011-10-21 12:31:00,OTHER_97,RAN_STOP_SIGN
2567550,3,OTHER_97,-112.195106568871,33.4699078900111,3,NOT_AT_INTERSECTION_0,OTHER_97,PHOENIX,2011-10-21 18:34:00,DROVE_RODE_IN_OPPOSING_TRAFFIC_LANE+DROVE_RODE_IN_OPPOSING_TRAFFIC_LANE,UNKNOWN_99
2567651,2,ANGLE_FRONT_TO_SIDE,-110.257343675961,31.5401918858543,1,T_INTERSECTION,ANGLE_FRONT_TO_SIDE,SIERRA VISTA,2011-10-10 15:23:00,NO_IMPROPER_ACTION,INATTENTION_DISTRACTION
2567682,2,SIDESWIPE_SAME_DIRECTION,-109.963759749786,34.1476244599037,2,NOT_AT_INTERSECTION_0,SIDESWIPE_SAME_DIRECTION,PINETOP,2011-10-31 10:30:00,NO_IMPROPER_ACTION,INATTENTION_DISTRACTION
2567704,2,OTHER_97,-112.021457030142,33.4767393604396,2,FOUR_WAY_INTERSECTION,OTHER_97,PHOENIX,2011-10-28 18:45:00,RAN_STOP_SIGN,NOT_APPLICABLE_MINUS_1+NOT_APPLICABLE_MINUS_1+NO_IMPROPER_ACTION
2567767,2,ANGLE_FRONT_TO_SIDE,-112.12808758882,33.4949496232664,2,NOT_AT_INTERSECTION_0,ANGLE_FRONT_TO_SIDE,PHOENIX,2011-10-24 17:04:00,NO_IMPROPER_ACTION,FAILED_TO_YIELD_RIGHT_OF_WAY_103
2567820,2,ANGLE_FRONT_TO_SIDE,-111.667525249112,33.3792870974207,3,FOUR_WAY_INTERSECTION,ANGLE_FRONT_TO_SIDE,MESA,2011-11-29 06:54:00,INATTENTION_DISTRACTION,NOT_APPLICABLE_MINUS_1+NOT_APPLICABLE_MINUS_1+NO_IMPROPER_ACTION+NOT_APPLICABLE_MINUS_1
2567833,2,ANGLE_FRONT_TO_SIDE,-112.099905632353,33.4963581292166,2,NOT_AT_INTERSECTION_0,ANGLE_FRONT_TO_SIDE,PHOENIX,2011-10-25 11:49:00,NO_IMPROPER_ACTION,FAILED_TO_YIELD_RIGHT_OF_WAY_103
2567865,2,ANGLE_FRONT_TO_SIDE,-112.257894215073,33.5663782902797,3,T_INTERSECTION,ANGLE_FRONT_TO_SIDE,PEORIA,2011-12-01 13:20:00,NO_IMPROPER_ACTION,FAILED_TO_YIELD_RIGHT_OF_WAY_103
2568100,2,OTHER_97,-111.960768498836,33.4074174302655,1,FOUR_WAY_INTERSECTION,OTHER_97,TEMPE,2011-06-29 00:07:00,NO_IMPROPER_ACTION,FAILED_TO_YIELD_RIGHT_OF_WAY_103
2568119,2,ANGLE_FRONT_TO_SIDE,-111.904841981872,33.3929680712521,2,FOUR_WAY_INTERSECTION,ANGLE_FRONT_TO_SIDE,TEMPE,2011-07-04 10:46:00,DROVE_RODE_IN_OPPOSING_TRAFFIC_LANE,NO_IMPROPER_ACTION
2568128,2,LEFT_TURN,-110.977005706902,32.453615474894,2,T_INTERSECTION,LEFT_TURN,ORO VALLEY,2011-11-15 16:58:00,NO_IMPROPER_ACTION,INATTENTION_DISTRACTION+NOT_APPLICABLE_MINUS_1
2568309,2,HEAD_ON,-112.45401360654,34.7543404266986,3,NOT_REPORTED_255,HEAD_ON,CHINO VALLEY,2011-11-28 10:58:00,OTHER_97,FAILED_TO_YIELD_RIGHT_OF_WAY_103
2568329,2,ANGLE_FRONT_TO_SIDE,-111.89199688016,33.4062548703093,3,NOT_AT_INTERSECTION_0,ANGLE_FRONT_TO_SIDE,TEMPE,2011-08-23 17:33:00,OTHER_97,NO_IMPROPER_ACTION
2568342,2,OTHER_97,-111.787370982235,33.5896568178778,3,FOUR_WAY_INTERSECTION,OTHER_97,SCOTTSDALE,2011-09-27 18:28:00,RAN_STOP_SIGN,NO_IMPROPER_ACTION+NOT_APPLICABLE_MINUS_1+NOT_APPLICABLE_MINUS_1
2568411,2,ANGLE_FRONT_TO_SIDE,-111.926292822545,33.435438537551,1,FIVE_POINT_OR_MORE,ANGLE_FRONT_TO_SIDE,TEMPE,2011-09-13 18:17:00,DROVE_RODE_IN_OPPOSING_TRAFFIC_LANE,NO_IMPROPER_ACTION
2568430,2,SIDESWIPE_OPPOSITE_DIRECTION,-112.182028336004,33.5131716194824,3,FOUR_WAY_INTERSECTION,SIDESWIPE_OPPOSITE_DIRECTION,GLENDALE,2011-09-20 17:51:00,OTHER_97,NOT_APPLICABLE_MINUS_1+NO_IMPROPER_ACTION
2568509,2,ANGLE_FRONT_TO_SIDE,-112.186288493771,33.5239682597917,1,FOUR_WAY_INTERSECTION,ANGLE_FRONT_TO_SIDE,GLENDALE,2011-09-26 09:59:00,UNKNOWN_99,UNKNOWN_99
2568512,2,ANGLE_FRONT_TO_SIDE,-112.190554287573,33.5534257649884,3,T_INTERSECTION,ANGLE_FRONT_TO_SIDE,GLENDALE,2011-09-24 13:11:00,OTHER_97,NOT_APPLICABLE_MINUS_1+NOT_APPLICABLE_MINUS_1+NO_IMPROPER_ACTION
2568517,2,SIDESWIPE_SAME_DIRECTION,-112.169251437687,33.5963546701786,1,UNKNOWN_99,SIDESWIPE_SAME_DIRECTION,GLENDALE,2011-09-22 12:18:00,UNSAFE_LANE_CHANGE,NO_IMPROPER_ACTION
2568710,2,ANGLE_FRONT_TO_SIDE,-111.792314833275,33.4371445845739,2,T_INTERSECTION,ANGLE_FRONT_TO_SIDE,MESA,2011-11-30 07:40:00,INATTENTION_DISTRACTION,NO_IMPROPER_ACTION
2568787,2,SIDESWIPE_SAME_DIRECTION,-111.926311238674,33.4398784198636,3,UNKNOWN_99,SIDESWIPE_SAME_DIRECTION,TEMPE,2011-09-04 10:46:00,NO_IMPROPER_ACTION,UNKNOWN_99
2568808,2,REAR_END,-111.719244119922,33.4022414705758,4,NOT_AT_INTERSECTION_0,REAR_END,MESA,2011-12-05 18:01:00,NO_IMPROPER_ACTION,OTHER_UNSAFE_PASSING
2568839,2,ANGLE_FRONT_TO_SIDE,-111.736406778792,33.4159043760841,2,UNKNOWN_99,ANGLE_FRONT_TO_SIDE,MESA,2011-12-01 18:31:00,NO_IMPROPER_ACTION,SPEED_TOO_FAST_FOR_CONDITIONS
2568875,2,ANGLE_FRONT_TO_SIDE,-112.117005780766,33.5044324363568,1,T_INTERSECTION,ANGLE_FRONT_TO_SIDE,PHOENIX,2011-10-31 15:18:00,FAILED_TO_YIELD_RIGHT_OF_WAY_103,NO_IMPROPER_ACTION
2569122,2,OTHER_97,-112.255047816734,33.5304559137304,2,FOUR_WAY_INTERSECTION,OTHER_97,GLENDALE,2011-09-25 02:43:00,NO_IMPROPER_ACTION,FAILED_TO_YIELD_RIGHT_OF_WAY_103
2569204,2,OTHER_97,-111.979062820617,33.3927584248793,3,UNKNOWN_99,OTHER_97,PHOENIX,2011-10-26 12:14:00,NO_IMPROPER_ACTION,MADE_IMPROPER_TURN
2569235,2,SIDESWIPE_SAME_DIRECTION,-111.12299355529,32.1333320357068,3,T_INTERSECTION,SIDESWIPE_SAME_DIRECTION,UNSPECIFIED_999,2011-11-09 06:42:00,NO_IMPROPER_ACTION,INATTENTION_DISTRACTION
2569522,2,LEFT_TURN,-111.601680512894,33.3789176017268,2,FOUR_WAY_INTERSECTION,LEFT_TURN,MESA,2011-11-19 12:21:00,NO_IMPROPER_ACTION,NO_IMPROPER_ACTION
2569555,2,ANGLE_FRONT_TO_SIDE,-112.008057343829,33.4653661961102,3,UNKNOWN_99,ANGLE_FRONT_TO_SIDE,PHOENIX,2011-10-30 18:35:00,INATTENTION_DISTRACTION,NOT_APPLICABLE_MINUS_1+NO_IMPROPER_ACTION
2569557,2,REAR_END,-110.801178296946,31.9606568248409,2,NOT_AT_INTERSECTION_0,REAR_END,UNSPECIFIED_999,2011-11-10 07:00:00,UNKNOWN_99,UNKNOWN_99
2569558,2,REAR_END,-110.937813318639,32.3253271011495,3,NOT_AT_INTERSECTION_0,REAR_END,UNSPECIFIED_999,2011-11-11 06:44:00,NO_IMPROPER_ACTION,NO_IMPROPER_ACTION
2569575,2,REAR_END,-110.910784675086,32.3110677288541,3,NOT_AT_INTERSECTION_0,REAR_END,UNSPECIFIED_999,2011-11-12 09:23:00,NO_IMPROPER_ACTION,FAILED_TO_KEEP_IN_PROPER_LANE
2569599,2,OTHER_97,-111.56325047778,33.2199492001902,3,FOUR_WAY_INTERSECTION,OTHER_97,UNSPECIFIED_999,2011-11-27 18:46:00,INATTENTION_DISTRACTION,NO_IMPROPER_ACTION
2569655,2,ANGLE_FRONT_TO_SIDE,-111.868172574681,33.4148720987775,4,NOT_AT_INTERSECTION_0,ANGLE_FRONT_TO_SIDE,MESA,2011-11-30 16:01:00,DROVE_RODE_IN_OPPOSING_TRAFFIC_LANE,NO_IMPROPER_ACTION
2569694,2,ANGLE_FRONT_TO_SIDE,-110.892610704143,32.3083830055525,2,NOT_REPORTED_255,ANGLE_FRONT_TO_SIDE,UNSPECIFIED_999,2011-11-16 11:45:00,NO_IMPROPER_ACTION,INATTENTION_DISTRACTION
2569714,2,ANGLE_FRONT_TO_SIDE,-112.168620698977,33.5397508286977,1,T_INTERSECTION,ANGLE_FRONT_TO_SIDE,GLENDALE,2011-10-19 04:39:00,NO_IMPROPER_ACTION,NO_IMPROPER_ACTION
2569737,2,ANGLE_FRONT_TO_SIDE,-112.203052845538,33.5396940814739,1,UNKNOWN_99,ANGLE_FRONT_TO_SIDE,GLENDALE,2011-10-02 19:29:00,NO_IMPROPER_ACTION,UNKNOWN_99
2569739,2,OTHER_97,-112.18572051211,33.6243584742545,1,UNKNOWN_99,OTHER_97,GLENDALE,2011-10-11 19:42:00,DROVE_RODE_IN_OPPOSING_TRAFFIC_LANE,NO_IMPROPER_ACTION
2569745,2,ANGLE_FRONT_TO_SIDE,-112.155774226472,33.5239374281447,2,UNKNOWN_99,ANGLE_FRONT_TO_SIDE,GLENDALE,2011-10-18 14:54:00,OTHER_97,INATTENTION_DISTRACTION
2569747,2,ANGLE_FRONT_TO_SIDE,-112.237691974614,33.6554598152686,4,T_INTERSECTION,ANGLE_FRONT_TO_SIDE,PEORIA,2011-10-17 10:45:00,FAILED_TO_YIELD_RIGHT_OF_WAY_103,NO_IMPROPER_ACTION+NOT_APPLICABLE_MINUS_1+NOT_APPLICABLE_MINUS_1
2569799,2,ANGLE_FRONT_TO_SIDE,-112.4118147429,33.4495232617988,3,T_INTERSECTION,ANGLE_FRONT_TO_SIDE,GOODYEAR,2011-11-21 07:49:00,NO_IMPROPER_ACTION,FAILED_TO_YIELD_RIGHT_OF_WAY_103
2569803,2,ANGLE_FRONT_TO_SIDE,-112.186022154112,33.5927621662689,2,FOUR_WAY_INTERSECTION,ANGLE_FRONT_TO_SIDE,GLENDALE,2011-10-02 16:11:00,NO_IMPROPER_ACTION,INATTENTION_DISTRACTION
2569964,2,ANGLE_FRONT_TO_SIDE,-112.185836426544,33.6110052393857,2,UNKNOWN_99,ANGLE_FRONT_TO_SIDE,GLENDALE,2011-10-09 18:34:00,INATTENTION_DISTRACTION,INATTENTION_DISTRACTION
2570013,2,ANGLE_FRONT_TO_SIDE,-112.228966178854,33.6381757931939,2,FOUR_WAY_INTERSECTION,ANGLE_FRONT_TO_SIDE,GLENDALE,2011-10-25 18:23:00,DISREGARDED_TRAFFIC_SIGNAL,NO_IMPROPER_ACTION
2570035,2,ANGLE_FRONT_TO_SIDE,-111.908628393299,33.4074968097665,4,UNKNOWN_99,ANGLE_FRONT_TO_SIDE,TEMPE,2011-07-04 10:38:00,DROVE_RODE_IN_OPPOSING_TRAFFIC_LANE,NO_IMPROPER_ACTION
2570041,2,ANGLE_FRONT_TO_SIDE,-111.925846498417,33.4220247467253,1,UNKNOWN_99,ANGLE_FRONT_TO_SIDE,TEMPE,2011-08-27 12:04:00,OTHER_97,NO_IMPROPER_ACTION
2570054,2,ANGLE_FRONT_TO_SIDE,-111.911338897792,33.3346303237323,1,FOUR_WAY_INTERSECTION,ANGLE_FRONT_TO_SIDE,TEMPE,2011-08-31 15:06:00,NO_IMPROPER_ACTION,MADE_IMPROPER_TURN
2570079,2,HEAD_ON,-112.298509407367,33.5655355200355,3,FOUR_WAY_INTERSECTION,HEAD_ON,UNSPECIFIED_999,2011-11-18 10:54:00,SPEED_TOO_FAST_FOR_CONDITIONS,NO_IMPROPER_ACTION
2570085,2,ANGLE_FRONT_TO_SIDE,-112.256078302793,33.5662498213478,4,FOUR_WAY_INTERSECTION,ANGLE_FRONT_TO_SIDE,PEORIA,2011-11-18 06:06:00,NO_IMPROPER_ACTION,DISREGARDED_TRAFFIC_SIGNAL
2570103,2,ANGLE_FRONT_TO_SIDE,-112.18188268192,33.524081518252,1,T_INTERSECTION,ANGLE_FRONT_TO_SIDE,GLENDALE,2011-10-11 18:00:00,UNKNOWN_99,NOT_APPLICABLE_MINUS_1+NO_IMPROPER_ACTION+NOT_APPLICABLE_MINUS_1
2570257,2,ANGLE_FRONT_TO_SIDE,-111.93519162332,33.3806126549556,4,FOUR_WAY_INTERSECTION,ANGLE_FRONT_TO_SIDE,TEMPE,2011-09-08 14:50:00,UNKNOWN_99,NOT_APPLICABLE_MINUS_1+UNKNOWN_99
2570274,2,ANGLE_FRONT_TO_SIDE,-111.931483663992,33.4219845298947,3,UNKNOWN_99,ANGLE_FRONT_TO_SIDE,TEMPE,2011-09-12 18:28:00,NO_IMPROPER_ACTION,DISREGARDED_TRAFFIC_SIGNAL
2570278,2,ANGLE_FRONT_TO_SIDE,-111.92630466599,33.3980198476789,2,UNKNOWN_99,ANGLE_FRONT_TO_SIDE,TEMPE,2011-09-14 21:40:00,NO_IMPROPER_ACTION,NO_IMPROPER_ACTION