IncidentID,num_vehicles_involved,eCollisionManner,Longitude,Latitude,InjurySeverity,eIntersectionType,eCollisionManner,city_name,IncidentDateTime,cyclist_citations,driver_citations
2587826,2,ANGLE_FRONT_TO_SIDE,-111.932645726518,33.319996822753,2,FOUR_WAY_INTERSECTION,ANGLE_FRONT_TO_SIDE,TEMPE,2011-11-21 07:53:00,INATTENTION_DISTRACTION,INATTENTION_DISTRACTION
2587946,2,HEAD_ON,-111.889811642179,33.3543998849318,1,T_INTERSECTION,HEAD_ON,CHANDLER,2011-11-11 05:56:00,NO_IMPROPER_ACTION,MADE_IMPROPER_TURN
2587950,2,OTHER_97,-112.015597390195,33.6335425994217,2,FOUR_WAY_INTERSECTION,OTHER_97,PHOENIX,2011-12-16 17:44:00,DID_NOT_USE_CROSSWALK,NO_IMPROPER_ACTION
2588131,2,ANGLE_FRONT_TO_SIDE,-111.898338609856,33.4220981159857,3,NOT_REPORTED_255,ANGLE_FRONT_TO_SIDE,TEMPE,2011-09-19 07:13:00,NO_IMPROPER_ACTION,INATTENTION_DISTRACTION
2588147,2,ANGLE_FRONT_TO_SIDE,-112.143791157181,33.6982728003445,4,FOUR_WAY_INTERSECTION,ANGLE_FRONT_TO_SIDE,PHOENIX,2011-12-25 13:30:00,UNKNOWN_99,UNKNOWN_99
2588223,2,SIDESWIPE_SAME_DIRECTION,-111.97679680127,33.6686890674543,3,NOT_AT_INTERSECTION_0,SIDESWIPE_SAME_DIRECTION,PHOENIX,2011-12-28 19:43:00,KNOWINGLY_OPERATED_WITH_FAULTY_MISSING_EQUIPMENT,NO_IMPROPER_ACTION
2588384,2,ANGLE_FRONT_TO_SIDE,-111.926288281895,33.410456282397,3,T_INTERSECTION,ANGLE_FRONT_TO_SIDE,TEMPE,2011-09-24 18:24:00,DISREGARDED_TRAFFIC_SIGNAL,NO_IMPROPER_ACTION
2588509,2,OTHER_97,-112.073762947311,33.4331497491183,5,FOUR_WAY_INTERSECTION,OTHER_97,PHOENIX,2011-12-04 10:34:00,FAILED_TO_YIELD_RIGHT_OF_WAY_103,NO_IMPROPER_ACTION
2588877,2,ANGLE_FRONT_TO_SIDE,-111.925679364767,33.4220245567166,2,UNKNOWN_99,ANGLE_FRONT_TO_SIDE,TEMPE,2011-09-30 08:28:00,DROVE_RODE_IN_OPPOSING_TRAFFIC_LANE,NO_IMPROPER_ACTION
2588894,2,ANGLE_FRONT_TO_SIDE,-111.948492206479,33.4145670379841,3,T_INTERSECTION,ANGLE_FRONT_TO_SIDE,TEMPE,2011-09-23 14:22:00,DROVE_RODE_IN_OPPOSING_TRAFFIC_LANE,NO_IMPROPER_ACTION
2588897,2,LEFT_TURN,-111.939993036018,33.4217816850768,3,FOUR_WAY_INTERSECTION,LEFT_TURN,TEMPE,2011-09-22 16:58:00,OTHER_97,OTHER_97
2588915,2,ANGLE_FRONT_TO_SIDE,-111.935236008602,33.3783536060477,3,FOUR_WAY_INTERSECTION,ANGLE_FRONT_TO_SIDE,TEMPE,2011-09-29 05:51:00,DROVE_RODE_IN_OPPOSING_TRAFFIC_LANE,NO_IMPROPER_ACTION+NOT_APPLICABLE_MINUS_1
2588921,2,HEAD_ON,-111.926280526305,33.4143261577309,3,UNKNOWN_99,HEAD_ON,TEMPE,2011-09-18 15:00:00,DROVE_RODE_IN_OPPOSING_TRAFFIC_LANE,NO_IMPROPER_ACTION
2588928,2,ANGLE_FRONT_TO_SIDE,-111.913786766041,33.378497981473,2,T_INTERSECTION,ANGLE_FRONT_TO_SIDE,TEMPE,2011-09-27 19:00:00,FAILED_TO_YIELD_RIGHT_OF_WAY_103,NOT_APPLICABLE_MINUS_1+OTHER_97
2588978,2,ANGLE_FRONT_TO_SIDE,-111.955240383032,33.4074049181467,2,FOUR_WAY_INTERSECTION,ANGLE_FRONT_TO_SIDE,TEMPE,2011-10-04 13:43:00,OTHER_97,NO_IMPROPER_ACTION
2588983,2,ANGLE_FRONT_TO_SIDE,-111.900604036936,33.3832629427298,3,FOUR_WAY_INTERSECTION,ANGLE_FRONT_TO_SIDE,TEMPE,2011-10-06 13:45:00,NO_IMPROPER_ACTION,FAILED_TO_YIELD_RIGHT_OF_WAY_103
2588985,2,ANGLE_FRONT_TO_SIDE,-111.939932811949,33.4176334069394,1,UNKNOWN_99,ANGLE_FRONT_TO_SIDE,TEMPE,2011-10-25 15:55:00,NO_IMPROPER_ACTION,FAILED_TO_YIELD_RIGHT_OF_WAY_103
2589165,2,ANGLE_FRONT_TO_SIDE,-111.897201253783,33.3784472275375,3,INTERSECTION_AS_PART_OF_INTERCHANGE,ANGLE_FRONT_TO_SIDE,TEMPE,2011-10-17 17:26:00,OTHER_97,NO_IMPROPER_ACTION
2589203,2,ANGLE_FRONT_TO_SIDE,-111.909120115614,33.4149418701568,2,FOUR_WAY_INTERSECTION,ANGLE_FRONT_TO_SIDE,TEMPE,2011-10-12 15:07:00,DROVE_RODE_IN_OPPOSING_TRAFFIC_LANE,NOT_APPLICABLE_MINUS_1+NO_IMPROPER_ACTION+NOT_APPLICABLE_MINUS_1
2589241,2,ANGLE_FRONT_TO_SIDE,0,0,4,FOUR_WAY_INTERSECTION,ANGLE_FRONT_TO_SIDE,TEMPE,2011-11-26 00:39:00,DISREGARDED_TRAFFIC_SIGNAL,NO_IMPROPER_ACTION
2589266,2,ANGLE_FRONT_TO_SIDE,-111.942389198055,33.4220373766334,1,FOUR_WAY_INTERSECTION,ANGLE_FRONT_TO_SIDE,TEMPE,2011-11-29 08:13:00,OTHER_97,NO_IMPROPER_ACTION
2589274,2,ANGLE_FRONT_TO_SIDE,-111.961019341588,33.4451012134064,2,FOUR_WAY_INTERSECTION,ANGLE_FRONT_TO_SIDE,TEMPE,2011-11-10 13:50:00,OTHER_97,NO_IMPROPER_ACTION
2589314,2,ANGLE_FRONT_TO_SIDE,-111.909357988095,33.4476296281143,2,UNKNOWN_99,ANGLE_FRONT_TO_SIDE,UNSPECIFIED_999,2011-11-03 16:35:00,OTHER_97,NO_IMPROPER_ACTION
2589338,2,ANGLE_FRONT_TO_SIDE,-111.926299433309,33.4218952391482,1,FOUR_WAY_INTERSECTION,ANGLE_FRONT_TO_SIDE,TEMPE,2011-11-15 10:11:00,NO_IMPROPER_ACTION,DISREGARDED_TRAFFIC_SIGNAL
2589356,2,OTHER_97,-110.809419462045,32.1773455801769,5,T_INTERSECTION,OTHER_97,TUCSON,2011-09-04 09:04:00,NO_IMPROPER_ACTION,SPEED_TOO_FAST_FOR_CONDITIONS
2589364,2,ANGLE_FRONT_TO_SIDE,-111.944281096232,33.4254682030754,3,FOUR_WAY_INTERSECTION,ANGLE_FRONT_TO_SIDE,TEMPE,2011-11-02 20:21:00,NO_IMPROPER_ACTION,INATTENTION_DISTRACTION
2589801,2,ANGLE_FRONT_TO_SIDE,-111.926108183391,33.4101199572775,2,T_INTERSECTION,ANGLE_FRONT_TO_SIDE,TEMPE,2011-11-02 07:03:00,OTHER_97,NO_IMPROPER_ACTION
2589807,2,LEFT_TURN,-111.926280557193,33.41460649484,3,FOUR_WAY_INTERSECTION,LEFT_TURN,TEMPE,2011-11-15 15:57:00,NO_IMPROPER_ACTION,MADE_IMPROPER_TURN+NOT_APPLICABLE_MINUS_1+NOT_APPLICABLE_MINUS_1+NOT_APPLICABLE_MINUS_1
2589812,2,ANGLE_FRONT_TO_SIDE,-111.963196756909,33.4135729694219,2,T_INTERSECTION,ANGLE_FRONT_TO_SIDE,TEMPE,2011-11-14 19:07:00,NO_IMPROPER_ACTION,SPEED_TOO_FAST_FOR_CONDITIONS
2589877,2,ANGLE_FRONT_TO_SIDE,-111.965920550218,33.3492010285712,2,FOUR_WAY_INTERSECTION,ANGLE_FRONT_TO_SIDE,GUADALUPE,2011-12-15 20:07:00,OTHER_97,FAILED_TO_YIELD_RIGHT_OF_WAY_103
2589878,2,OTHER_97,-111.942388051085,33.4219549081143,1,FOUR_WAY_INTERSECTION,OTHER_97,TEMPE,2011-12-03 23:23:00,NO_IMPROPER_ACTION,OTHER_97
2589969,2,ANGLE_FRONT_TO_SIDE,-111.902374279397,33.4147658678675,3,UNKNOWN_99,ANGLE_FRONT_TO_SIDE,TEMPE,2011-12-01 18:09:00,DROVE_RODE_IN_OPPOSING_TRAFFIC_LANE,NO_IMPROPER_ACTION
2590352,3,OTHER_97,-110.866619473871,32.2506719598721,5,FOUR_WAY_INTERSECTION,OTHER_97,TUCSON,2011-10-21 09:18:00,RAN_STOP_SIGN,NO_IMPROPER_ACTION+NO_IMPROPER_ACTION
2590560,2,ANGLE_FRONT_TO_SIDE,-111.747578263246,32.8765690838223,4,FOUR_WAY_INTERSECTION,ANGLE_FRONT_TO_SIDE,CASA GRANDE,2011-12-22 20:01:00,DROVE_RODE_IN_OPPOSING_TRAFFIC_LANE,NO_IMPROPER_ACTION
2590646,2,LEFT_TURN,-111.94289386203,33.6404119242516,2,FOUR_WAY_INTERSECTION,LEFT_TURN,PHOENIX,2011-12-21 18:20:00,DROVE_RODE_IN_OPPOSING_TRAFFIC_LANE,FAILED_TO_YIELD_RIGHT_OF_WAY_103
2590661,2,OTHER_97,-112.151622610641,33.5673965705708,2,FOUR_WAY_INTERSECTION,OTHER_97,PHOENIX,2011-12-27 08:38:00,FAILED_TO_YIELD_RIGHT_OF_WAY_103,NO_IMPROPER_ACTION
2590692,2,ANGLE_FRONT_TO_SIDE,-112.02893004018,33.6550446620929,1,UNKNOWN_99,ANGLE_FRONT_TO_SIDE,PHOENIX,2011-11-20 16:00:00,NO_IMPROPER_ACTION,FAILED_TO_YIELD_RIGHT_OF_WAY_103
2591018,2,OTHER_97,-112.06566138713,33.6651390183301,5,NOT_AT_INTERSECTION_0,OTHER_97,PHOENIX,2011-11-19 15:30:00,FAILED_TO_YIELD_RIGHT_OF_WAY_103,UNKNOWN_99
2592077,2,ANGLE_FRONT_TO_SIDE,-111.926280504199,33.4141255243018,3,NOT_REPORTED_255,ANGLE_FRONT_TO_SIDE,TEMPE,2011-09-16 16:51:00,DROVE_RODE_IN_OPPOSING_TRAFFIC_LANE,NOT_APPLICABLE_MINUS_1+NO_IMPROPER_ACTION
2592118,2,ANGLE_FRONT_TO_SIDE,-111.926281293263,33.4151939622458,2,NOT_AT_INTERSECTION_0,ANGLE_FRONT_TO_SIDE,TEMPE,2011-10-25 15:07:00,OTHER_97,NO_IMPROPER_ACTION
2592123,2,ANGLE_FRONT_TO_SIDE,-111.929001242441,33.4073532006492,2,NOT_AT_INTERSECTION_0,ANGLE_FRONT_TO_SIDE,TEMPE,2011-10-31 15:07:00,OTHER_97,NO_IMPROPER_ACTION
2592133,2,ANGLE_FRONT_TO_SIDE,-111.920926396033,33.4075075280281,3,FOUR_WAY_INTERSECTION,ANGLE_FRONT_TO_SIDE,TEMPE,2011-11-04 08:08:00,DROVE_RODE_IN_OPPOSING_TRAFFIC_LANE,NO_IMPROPER_ACTION
2592144,2,HEAD_ON,-111.943357431121,33.4255749486488,3,FOUR_WAY_INTERSECTION,HEAD_ON,TEMPE,2011-11-03 21:23:00,DROVE_RODE_IN_OPPOSING_TRAFFIC_LANE,NO_IMPROPER_ACTION
2592167,2,ANGLE_FRONT_TO_SIDE,-111.945881935077,33.3635241958565,1,FOUR_WAY_INTERSECTION,ANGLE_FRONT_TO_SIDE,TEMPE,2011-10-28 06:12:00,NO_IMPROPER_ACTION,SPEED_TOO_FAST_FOR_CONDITIONS
2592171,2,OTHER_97,-111.923538773216,33.4101405024455,2,T_INTERSECTION,OTHER_97,TEMPE,2011-10-26 17:01:00,NO_IMPROPER_ACTION,FAILED_TO_YIELD_RIGHT_OF_WAY_103
2592188,2,ANGLE_FRONT_TO_SIDE,-111.941517673937,33.3782181474013,4,FOUR_WAY_INTERSECTION,ANGLE_FRONT_TO_SIDE,TEMPE,2011-11-26 12:07:00,INATTENTION_DISTRACTION,NO_IMPROPER_ACTION
2592202,2,ANGLE_FRONT_TO_SIDE,-111.940006064281,33.4219318917497,2,FOUR_WAY_INTERSECTION,ANGLE_FRONT_TO_SIDE,TEMPE,2011-11-05 18:26:00,DISREGARDED_TRAFFIC_SIGNAL,NO_IMPROPER_ACTION
2592227,2,LEFT_TURN,-111.926282280649,33.4155456881085,2,NOT_REPORTED_255,LEFT_TURN,TEMPE,2011-11-14 09:39:00,NO_IMPROPER_ACTION,OTHER_97
2592601,2,OTHER_97,-112.108527541127,33.4950276044791,1,NOT_AT_INTERSECTION_0,OTHER_97,PHOENIX,2011-11-11 17:00:00,INATTENTION_DISTRACTION,NO_IMPROPER_ACTION
2592660,2,OTHER_97,-112.220675816824,33.4694382994492,3,FOUR_WAY_INTERSECTION,OTHER_97,PHOENIX,2011-11-09 23:42:00,INATTENTION_DISTRACTION,NO_IMPROPER_ACTION
2592704,2,UNKNOWN_99,-112.151840533095,33.4586604200474,2,FOUR_WAY_INTERSECTION,UNKNOWN_99,PHOENIX,2011-11-21 19:45:00,UNKNOWN_99,UNKNOWN_99
2592742,2,ANGLE_FRONT_TO_SIDE,-112.019916733195,33.4481992151363,2,UNKNOWN_99,ANGLE_FRONT_TO_SIDE,PHOENIX,2011-12-31 12:19:00,NO_IMPROPER_ACTION,FAILED_TO_YIELD_RIGHT_OF_WAY_103
2593214,2,ANGLE_FRONT_TO_SIDE,-112.229868295423,33.4229733565817,4,FOUR_WAY_INTERSECTION,ANGLE_FRONT_TO_SIDE,PHOENIX,2011-12-29 15:03:00,NO_IMPROPER_ACTION,FAILED_TO_YIELD_RIGHT_OF_WAY_103
2593505,2,ANGLE_FRONT_TO_SIDE,-112.079412603807,33.465782262341,3,UNKNOWN_99,ANGLE_FRONT_TO_SIDE,PHOENIX,2011-12-24 13:41:00,DROVE_RODE_IN_OPPOSING_TRAFFIC_LANE,NO_IMPROPER_ACTION
2593519,2,ANGLE_FRONT_TO_SIDE,-112.114832960699,33.5093033405057,3,T_INTERSECTION,ANGLE_FRONT_TO_SIDE,PHOENIX,2011-12-27 08:25:00,OTHER_97,NO_IMPROPER_ACTION
2593560,2,LEFT_TURN,-111.952201458537,33.4211154714621,4,T_INTERSECTION,LEFT_TURN,TEMPE,2011-09-15 20:33:00,DISREGARDED_TRAFFIC_SIGNAL,NO_IMPROPER_ACTION+NOT_APPLICABLE_MINUS_1
2593593,2,ANGLE_FRONT_TO_SIDE,-111.943285115802,33.4376218251393,2,FOUR_WAY_INTERSECTION,ANGLE_FRONT_TO_SIDE,TEMPE,2011-09-25 09:14:00,NO_IMPROPER_ACTION,INATTENTION_DISTRACTION
2594002,2,SIDESWIPE_SAME_DIRECTION,-111.909108518991,33.4158535685901,2,NOT_AT_INTERSECTION_0,SIDESWIPE_SAME_DIRECTION,TEMPE,2011-09-24 17:31:00,NO_IMPROPER_ACTION,MADE_IMPROPER_TURN
2594004,2,OTHER_97,-111.926296010455,33.4209992576234,1,T_INTERSECTION,OTHER_97,TEMPE,2011-11-28 01:04:00,OTHER_97,NO_IMPROPER_ACTION
2594010,2,ANGLE_FRONT_TO_SIDE,-111.926442589318,33.4439820823915,4,FOUR_WAY_INTERSECTION,ANGLE_FRONT_TO_SIDE,TEMPE,2011-12-08 18:14:00,OTHER_97,NO_IMPROPER_ACTION
2594036,2,SIDESWIPE_OPPOSITE_DIRECTION,-111.965920945803,33.3492202391837,3,FOUR_WAY_INTERSECTION,SIDESWIPE_OPPOSITE_DIRECTION,GUADALUPE,2011-12-23 07:11:00,DROVE_RODE_IN_OPPOSING_TRAFFIC_LANE,NO_IMPROPER_ACTION
2594060,2,ANGLE_FRONT_TO_SIDE,-111.91047848434,33.3784185016417,1,NOT_AT_INTERSECTION_0,ANGLE_FRONT_TO_SIDE,TEMPE,2011-12-27 11:53:00,OTHER_97,NO_IMPROPER_ACTION
2594071,2,ANGLE_FRONT_TO_SIDE,-111.926319352648,33.3949828453037,3,T_INTERSECTION,ANGLE_FRONT_TO_SIDE,TEMPE,2011-12-26 10:38:00,FAILED_TO_YIELD_RIGHT_OF_WAY_103,NO_IMPROPER_ACTION
2594080,2,ANGLE_FRONT_TO_SIDE,-111.926101635927,33.4101200222152,2,T_INTERSECTION,ANGLE_FRONT_TO_SIDE,TEMPE,2011-09-26 07:55:00,DROVE_RODE_IN_OPPOSING_TRAFFIC_LANE,NO_IMPROPER_ACTION
2594089,2,ANGLE_FRONT_TO_SIDE,-111.896203877985,33.414627165423,1,FOUR_WAY_INTERSECTION,ANGLE_FRONT_TO_SIDE,TEMPE,2011-09-27 13:25:00,DROVE_RODE_IN_OPPOSING_TRAFFIC_LANE,NO_IMPROPER_ACTION
2594138,2,OTHER_97,-111.942341534083,33.4141772410017,1,NOT_AT_INTERSECTION_0,OTHER_97,TEMPE,2011-09-08 16:30:00,OTHER_97,NO_IMPROPER_ACTION
2594775,2,OTHER_97,-112.20323514196,33.4948279086277,5,UNKNOWN_99,OTHER_97,PHOENIX,2011-12-11 17:35:00,UNKNOWN_99,UNKNOWN_99
2595523,2,OTHER_97,-111.926102090543,33.4288350844703,1,FOUR_WAY_INTERSECTION,OTHER_97,TEMPE,2011-11-19 10:24:00,UNKNOWN_99,UNKNOWN_99
2595620,2,HEAD_ON,-111.824239085838,33.2989405891284,1,FOUR_WAY_INTERSECTION,HEAD_ON,CHANDLER,2011-12-10 18:31:00,DISREGARDED_TRAFFIC_SIGNAL,NO_IMPROPER_ACTION
2596167,2,OTHER_97,-111.926156526867,33.4191544145458,1,T_INTERSECTION,OTHER_97,TEMPE,2011-10-05 07:00:00,OTHER_97,NO_IMPROPER_ACTION
2596178,2,ANGLE_FRONT_TO_SIDE,-111.887256344393,33.4147980057752,3,T_INTERSECTION,ANGLE_FRONT_TO_SIDE,TEMPE,2011-10-09 09:41:00,DROVE_RODE_IN_OPPOSING_TRAFFIC_LANE,NO_IMPROPER_ACTION
2597213,2,ANGLE_FRONT_TO_SIDE,-112.007931237109,33.4657240883442,1,T_INTERSECTION,ANGLE_FRONT_TO_SIDE,PHOENIX,2011-11-12 10:51:00,MADE_IMPROPER_TURN,NO_IMPROPER_ACTION
2597777,2,ANGLE_FRONT_TO_SIDE,-112.013341386535,33.6251639763077,1,UNKNOWN_99,ANGLE_FRONT_TO_SIDE,PHOENIX,2011-12-26 18:23:00,NO_IMPROPER_ACTION,INATTENTION_DISTRACTION
2598417,3,ANGLE_FRONT_TO_SIDE,-111.986997338867,33.4802678816359,4,FOUR_WAY_INTERSECTION,ANGLE_FRONT_TO_SIDE,PHOENIX,2011-12-18 14:53:00,DISREGARDED_TRAFFIC_SIGNAL,NO_IMPROPER_ACTION+NOT_APPLICABLE_MINUS_1+NO_IMPROPER_ACTION
2598668,2,ANGLE_FRONT_TO_SIDE,-112.168878361286,33.4949520998871,2,FOUR_WAY_INTERSECTION,ANGLE_FRONT_TO_SIDE,PHOENIX,2011-12-23 13:15:00,NO_IMPROPER_ACTION,UNKNOWN_99
2599769,2,OTHER_97,-110.949773076022,32.1751545779353,3,NOT_REPORTED_255,OTHER_97,TUCSON,2011-11-01 17:45:00,UNKNOWN_99,UNKNOWN_99
2600403,2,OTHER_97,-110.892854621797,32.2578798772509,3,UNKNOWN_99,OTHER_97,TUCSON,2011-10-26 07:37:00,NO_IMPROPER_ACTION,NOT_APPLICABLE_MINUS_1+FAILED_TO_YIELD_RIGHT_OF_WAY_103+NOT_APPLICABLE_MINUS_1
2600419,2,OTHER_97,-110.971112291724,32.2210135176991,3,FOUR_WAY_INTERSECTION,OTHER_97,TUCSON,2011-10-25 17:06:00,OTHER_97,FAILED_TO_YIELD_RIGHT_OF_WAY_103+NOT_APPLICABLE_MINUS_1+NOT_APPLICABLE_MINUS_1
2600432,2,OTHER_97,-110.998253436387,32.2613074780745,4,UNKNOWN_99,OTHER_97,TUCSON,2011-10-25 15:15:00,OTHER_97,UNKNOWN_99
2600447,2,OTHER_97,-110.901174354442,32.2343850917171,4,T_INTERSECTION,OTHER_97,TUCSON,2011-10-27 12:53:00,DROVE_RODE_IN_OPPOSING_TRAFFIC_LANE,NO_IMPROPER_ACTION
2600557,2,OTHER_97,-110.956765627308,32.2360345382838,3,FOUR_WAY_INTERSECTION,OTHER_97,TUCSON,2011-10-30 10:09:00,UNKNOWN_99,UNKNOWN_99
2600588,2,OTHER_97,-110.781404780628,32.1035907867451,3,T_INTERSECTION,OTHER_97,TUCSON,2011-11-01 16:48:00,SPEED_TOO_FAST_FOR_CONDITIONS,FAILED_TO_YIELD_RIGHT_OF_WAY_103
2600627,2,OTHER_97,-110.96774211037,32.2220894161773,4,T_INTERSECTION,OTHER_97,TUCSON,2011-11-01 16:57:00,FAILED_TO_YIELD_RIGHT_OF_WAY_103,NO_IMPROPER_ACTION
2600644,2,OTHER_97,-110.952502692323,32.2467909280619,3,FOUR_WAY_INTERSECTION,OTHER_97,TUCSON,2011-11-06 09:51:00,NO_IMPROPER_ACTION,OTHER_97
2600656,2,SIDESWIPE_OPPOSITE_DIRECTION,-110.952417870933,32.2575708598822,3,FOUR_WAY_INTERSECTION,SIDESWIPE_OPPOSITE_DIRECTION,TUCSON,2011-11-07 07:48:00,UNKNOWN_99,UNKNOWN_99
2600732,2,OTHER_97,-111.606729384398,33.4078169578361,5,NOT_AT_INTERSECTION_0,OTHER_97,MESA,2011-11-28 17:42:00,UNKNOWN_99,NOT_APPLICABLE_MINUS_1+UNKNOWN_99
2600824,2,OTHER_97,-110.935738869804,32.2503327940586,3,UNKNOWN_99,OTHER_97,TUCSON,2011-11-14 04:35:00,NO_IMPROPER_ACTION,UNKNOWN_99
2600924,2,OTHER_97,-110.811871764591,32.1918243055862,3,UNKNOWN_99,OTHER_97,TUCSON,2011-11-22 07:42:00,OTHER_97,NOT_APPLICABLE_MINUS_1+NOT_APPLICABLE_MINUS_1+OTHER_97
2601220,2,OTHER_97,-112.203056090551,33.4948305770369,4,FOUR_WAY_INTERSECTION,OTHER_97,PHOENIX,2011-10-27 04:46:00,DISREGARDED_TRAFFIC_SIGNAL,NO_IMPROPER_ACTION
2604263,2,ANGLE_FRONT_TO_SIDE,-111.92619628761,33.4719517522063,1,NOT_AT_INTERSECTION_0,ANGLE_FRONT_TO_SIDE,SCOTTSDALE,2011-10-11 12:24:00,NO_IMPROPER_ACTION,INATTENTION_DISTRACTION
2604582,2,ANGLE_FRONT_TO_SIDE,-111.933124416215,33.4802894916729,2,T_INTERSECTION,ANGLE_FRONT_TO_SIDE,SCOTTSDALE,2011-11-05 13:08:00,DROVE_RODE_IN_OPPOSING_TRAFFIC_LANE,NO_IMPROPER_ACTION
2604631,2,OTHER_97,-110.977953478224,32.2371530246244,3,FOUR_WAY_INTERSECTION,OTHER_97,TUCSON,2011-12-09 14:59:00,RAN_STOP_SIGN,NO_IMPROPER_ACTION
2605496,2,LEFT_TURN,-111.926168501545,33.4840060204274,3,FOUR_WAY_INTERSECTION,LEFT_TURN,SCOTTSDALE,2011-11-20 16:09:00,NO_IMPROPER_ACTION,MADE_IMPROPER_TURN+NOT_APPLICABLE_MINUS_1
2605497,2,ANGLE_FRONT_TO_SIDE,-111.93475863205,33.484653679946,3,FOUR_WAY_INTERSECTION,ANGLE_FRONT_TO_SIDE,SCOTTSDALE,2011-11-20 14:40:00,NO_IMPROPER_ACTION,INATTENTION_DISTRACTION
2605580,2,LEFT_TURN,-111.843544327812,33.5824744235879,3,FOUR_WAY_INTERSECTION,LEFT_TURN,SCOTTSDALE,2011-11-14 07:37:00,NO_IMPROPER_ACTION,NOT_APPLICABLE_MINUS_1+NOT_APPLICABLE_MINUS_1+NOT_APPLICABLE_MINUS_1+NOT_APPLICABLE_MINUS_1+NOT_APPLICABLE_MINUS_1+NOT_APPLICABLE_MINUS_1+NOT_APPLICABLE_MINUS_1+NOT_APPLICABLE_MINUS_1+NOT_APPLICABLE_MINUS_1+NOT_APPLICABLE_MINUS_1+NOT_APPLICABLE_MINUS_1+NOT_APPLICABLE_MINUS_1+NOT_APPLICABLE_MINUS_1+NOT_APPLICABLE_MINUS_1+NOT_APPLICABLE_MINU
2605744,2,ANGLE_FRONT_TO_SIDE,-111.909571684491,33.4876286195152,3,UNKNOWN_99,ANGLE_FRONT_TO_SIDE,SCOTTSDALE,2011-11-15 16:59:00,OTHER_97,NO_IMPROPER_ACTION
2605844,2,OTHER_97,-110.943451420325,32.1490886638369,4,UNKNOWN_99,OTHER_97,TUCSON,2011-12-05 13:21:00,NO_IMPROPER_ACTION,FAILED_TO_KEEP_IN_PROPER_LANE
2606150,2,OTHER_97,-110.978634513598,32.2828559336675,3,UNKNOWN_99,OTHER_97,TUCSON,2011-12-13 17:59:00,KNOWINGLY_OPERATED_WITH_FAULTY_MISSING_EQUIPMENT,FAILED_TO_YIELD_RIGHT_OF_WAY_103
2607342,2,OTHER_97,-110.975035856885,32.4535018074508,5,FOUR_WAY_INTERSECTION,OTHER_97,ORO VALLEY,2011-12-28 16:57:00,FAILED_TO_YIELD_RIGHT_OF_WAY_103,NOT_APPLICABLE_MINUS_1+NO_IMPROPER_ACTION
2607664,3,REAR_END,-111.9087375605,33.5149885717533,1,NOT_AT_INTERSECTION_0,REAR_END,SCOTTSDALE,2011-12-29 16:25:00,FAILED_TO_KEEP_IN_PROPER_LANE,FOLLOWED_TOO_CLOSELY+NO_IMPROPER_ACTION
2612104,2,ANGLE_FRONT_TO_SIDE,-109.554520849382,31.3485653677027,2,FOUR_WAY_INTERSECTION,ANGLE_FRONT_TO_SIDE,DOUGLAS,2011-07-02 16:29:00,DISREGARDED_TRAFFIC_SIGNAL,NO_IMPROPER_ACTION
2612917,2,OTHER_97,-111.862906990169,33.5746738520156,3,T_INTERSECTION,OTHER_97,SCOTTSDALE,2011-12-30 14:07:00,NO_IMPROPER_ACTION,UNKNOWN_99
2613198,2,OTHER_97,-111.938022276113,33.4899604197382,4,NOT_AT_INTERSECTION_0,OTHER_97,SCOTTSDALE,2011-12-24 15:24:00,OTHER_97,NO_IMPROPER_ACTION
2614651,2,LEFT_TURN,-112.108406029232,33.6627409187179,4,T_INTERSECTION,LEFT_TURN,PHOENIX,2011-11-16 15:48:00,DROVE_RODE_IN_OPPOSING_TRAFFIC_LANE,NOT_APPLICABLE_MINUS_1+NOT_APPLICABLE_MINUS_1+NOT_APPLICABLE_MINUS_1+NOT_APPLICABLE_MINUS_1+NOT_APPLICABLE_MINUS_1+NOT_APPLICABLE_MINUS_1+NOT_APPLICABLE_MINUS_1+NOT_APPLICABLE_MINUS_1+NO_IMPROPER_ACTION+NOT_APPLICABLE_MINUS_1+NOT_APPLICABLE_MINUS_1+NOT_APPLICABLE_MINUS_1+NOT_APPLICABLE_MINUS_1+NOT_APPLICABLE_MINUS_1+NOT_APPLICABLE_MINUS_1+
2620839,2,ANGLE_FRONT_TO_SIDE,-111.883019386765,33.5747853752492,3,T_INTERSECTION,ANGLE_FRONT_TO_SIDE,SCOTTSDALE,2011-09-20 15:46:00,DROVE_RODE_IN_OPPOSING_TRAFFIC_LANE,RAN_STOP_SIGN
2620952,2,LEFT_TURN,-111.920997698957,33.50221204929,4,T_INTERSECTION,LEFT_TURN,SCOTTSDALE,2011-09-17 17:54:00,NO_IMPROPER_ACTION,FAILED_TO_YIELD_RIGHT_OF_WAY_103
2621262,2,SIDESWIPE_SAME_DIRECTION,-111.874003192909,33.5752690504611,3,FOUR_WAY_INTERSECTION,SIDESWIPE_SAME_DIRECTION,SCOTTSDALE,2011-09-25 11:17:00,INATTENTION_DISTRACTION,NO_IMPROPER_ACTION
2621287,2,ANGLE_FRONT_TO_SIDE,-111.927665121687,33.473040315031,2,T_INTERSECTION,ANGLE_FRONT_TO_SIDE,SCOTTSDALE,2011-09-28 07:04:00,NO_IMPROPER_ACTION,NO_IMPROPER_ACTION
2621325,2,LEFT_TURN,-111.890615783019,33.6986971966359,2,NOT_REPORTED_255,LEFT_TURN,SCOTTSDALE,2011-10-19 18:34:00,NO_IMPROPER_ACTION,MADE_IMPROPER_TURN