IncidentID,num_vehicles_involved,eCollisionManner,Longitude,Latitude,InjurySeverity,eIntersectionType,eCollisionManner,city_name,IncidentDateTime,cyclist_citations,driver_citations
2425963,2,OTHER_97,-114.649978307952,32.6343287677952,3,UNKNOWN_99,OTHER_97,UNSPECIFIED_999,2011-02-21 17:50:00,FAILED_TO_KEEP_IN_PROPER_LANE,NO_IMPROPER_ACTION
2487819,2,ANGLE_FRONT_TO_SIDE,-114.606752054522,32.6842399868947,3,FOUR_WAY_INTERSECTION,ANGLE_FRONT_TO_SIDE,YUMA,2011-01-18 13:18:00,OTHER_97,NO_IMPROPER_ACTION
2487854,2,ANGLE_FRONT_TO_SIDE,-114.624604391173,32.6823700904676,2,UNKNOWN_99,ANGLE_FRONT_TO_SIDE,YUMA,2011-01-19 17:42:00,DID_NOT_USE_CROSSWALK,NO_IMPROPER_ACTION
2495062,2,ANGLE_FRONT_TO_SIDE,-114.633405986714,32.6948923934143,2,FOUR_WAY_INTERSECTION,ANGLE_FRONT_TO_SIDE,YUMA,2011-02-02 15:37:00,OTHER_97,NO_IMPROPER_ACTION
2495178,2,LEFT_TURN,-114.625960608281,32.6839759392221,4,T_INTERSECTION,LEFT_TURN,YUMA,2011-02-10 17:38:00,INATTENTION_DISTRACTION,NO_IMPROPER_ACTION
2496680,2,ANGLE_FRONT_TO_SIDE,-114.348015134119,34.4936381670996,3,FOUR_WAY_INTERSECTION,ANGLE_FRONT_TO_SIDE,LAKE HAVASU CITY,2011-02-28 07:23:00,DROVE_RODE_IN_OPPOSING_TRAFFIC_LANE,NOT_APPLICABLE_MINUS_1+NO_IMPROPER_ACTION+NOT_APPLICABLE_MINUS_1
2496722,2,UNKNOWN_99,-114.656128296681,32.6985125108678,1,UNKNOWN_99,UNKNOWN_99,YUMA,2011-02-25 07:36:00,UNKNOWN_99,UNKNOWN_99
2497807,2,ANGLE_FRONT_TO_SIDE,-114.635661406233,32.7130778655453,3,UNKNOWN_99,ANGLE_FRONT_TO_SIDE,YUMA,2011-02-22 16:47:00,NO_IMPROPER_ACTION,UNKNOWN_99
2497839,2,SIDESWIPE_SAME_DIRECTION,-114.520516381749,32.6847382721203,2,UNKNOWN_99,SIDESWIPE_SAME_DIRECTION,YUMA,2011-02-28 06:28:00,UNKNOWN_99,UNKNOWN_99
2502387,2,ANGLE_FRONT_TO_SIDE,-114.59801938497,35.1031303960233,2,T_INTERSECTION,ANGLE_FRONT_TO_SIDE,BULLHEAD CITY,2011-01-31 09:56:00,NO_IMPROPER_ACTION,FAILED_TO_YIELD_RIGHT_OF_WAY_103
2504034,2,ANGLE_FRONT_TO_SIDE,-114.323977481405,34.4767887470838,4,FOUR_WAY_INTERSECTION,ANGLE_FRONT_TO_SIDE,LAKE HAVASU CITY,2011-03-02 18:55:00,DISREGARDED_TRAFFIC_SIGNAL,NO_IMPROPER_ACTION
2504693,2,ANGLE_FRONT_TO_SIDE,-114.315168833275,34.4941091362758,3,Y_INTERSECTION,ANGLE_FRONT_TO_SIDE,LAKE HAVASU CITY,2011-03-11 14:16:00,INATTENTION_DISTRACTION,RAN_STOP_SIGN
2504757,2,ANGLE_FRONT_TO_SIDE,-114.615502537034,32.669334109654,3,NOT_REPORTED_255,ANGLE_FRONT_TO_SIDE,YUMA,2011-03-29 06:08:00,KNOWINGLY_OPERATED_WITH_FAULTY_MISSING_EQUIPMENT,NO_IMPROPER_ACTION
2505169,2,OTHER_97,-114.620818962643,32.7213751209209,3,FOUR_WAY_INTERSECTION,OTHER_97,YUMA,2011-03-09 16:53:00,NO_IMPROPER_ACTION,INATTENTION_DISTRACTION
2506774,2,OTHER_97,-114.713324862521,32.595612847639,1,UNKNOWN_99,OTHER_97,SOMERTON,2011-03-26 14:50:00,NO_IMPROPER_ACTION,NO_IMPROPER_ACTION
2508326,2,ANGLE_FRONT_TO_SIDE,-114.649773372737,32.725155124516,3,UNKNOWN_99,ANGLE_FRONT_TO_SIDE,YUMA,2011-04-18 10:15:00,NO_IMPROPER_ACTION,NO_IMPROPER_ACTION
2508329,2,ANGLE_FRONT_TO_SIDE,-114.639617088387,32.6839300872829,4,T_INTERSECTION,ANGLE_FRONT_TO_SIDE,YUMA,2011-04-18 07:56:00,OTHER_97,NO_IMPROPER_ACTION
2509596,2,OTHER_97,-114.478531522317,32.6813448575962,5,NOT_AT_INTERSECTION_0,OTHER_97,YUMA,2011-01-13 19:01:00,FAILED_TO_YIELD_RIGHT_OF_WAY_103,INATTENTION_DISTRACTION+NOT_APPLICABLE_MINUS_1+NOT_APPLICABLE_MINUS_1+NOT_APPLICABLE_MINUS_1
2512803,2,REAR_END,-114.641902381222,32.7148393618467,2,UNKNOWN_99,REAR_END,YUMA,2011-04-14 17:42:00,INATTENTION_DISTRACTION,NO_IMPROPER_ACTION
2515063,2,SIDESWIPE_SAME_DIRECTION,-114.368158173403,34.5339717436218,2,UNKNOWN_99,SIDESWIPE_SAME_DIRECTION,UNSPECIFIED_999,2011-03-25 15:36:00,INATTENTION_DISTRACTION,NO_IMPROPER_ACTION
2516267,2,ANGLE_FRONT_TO_SIDE,-114.599909738711,32.6840510152125,3,T_INTERSECTION,ANGLE_FRONT_TO_SIDE,YUMA,2011-04-12 22:13:00,OTHER_97,OTHER_97
2520492,2,ANGLE_FRONT_TO_SIDE,-114.024791955836,35.2248983185604,3,FOUR_WAY_INTERSECTION,ANGLE_FRONT_TO_SIDE,KINGMAN,2011-05-11 09:05:00,DISREGARDED_TRAFFIC_SIGNAL,NOT_APPLICABLE_MINUS_1+NO_IMPROPER_ACTION+NOT_APPLICABLE_MINUS_1
2521494,2,ANGLE_FRONT_TO_SIDE,-114.646794932586,32.7130888539245,1,T_INTERSECTION,ANGLE_FRONT_TO_SIDE,YUMA,2011-05-11 19:00:00,DROVE_RODE_IN_OPPOSING_TRAFFIC_LANE,NOT_APPLICABLE_MINUS_1+NO_IMPROPER_ACTION
2523451,2,ANGLE_FRONT_TO_SIDE,-114.619502953754,32.7223541267185,2,UNKNOWN_99,ANGLE_FRONT_TO_SIDE,YUMA,2011-05-27 14:19:00,OTHER_97,NO_IMPROPER_ACTION
2523752,2,ANGLE_FRONT_TO_SIDE,-114.304953392827,34.4623554984515,4,FOUR_WAY_INTERSECTION,ANGLE_FRONT_TO_SIDE,LAKE HAVASU CITY,2011-05-27 12:03:00,NO_IMPROPER_ACTION,OTHER_97
2525049,2,ANGLE_FRONT_TO_SIDE,-114.011601276795,35.2538871477212,1,FOUR_WAY_INTERSECTION,ANGLE_FRONT_TO_SIDE,UNSPECIFIED_999,2011-05-11 16:19:00,DISREGARDED_TRAFFIC_SIGNAL,NO_IMPROPER_ACTION+NOT_APPLICABLE_MINUS_1
2528620,2,ANGLE_FRONT_TO_SIDE,-114.643276834951,32.6983901433975,3,T_INTERSECTION,ANGLE_FRONT_TO_SIDE,YUMA,2011-06-03 13:59:00,OTHER_97,OTHER_97
2536091,2,ANGLE_FRONT_TO_SIDE,-114.628157135608,32.7089885211811,3,UNKNOWN_99,ANGLE_FRONT_TO_SIDE,YUMA,2011-07-14 19:56:00,INATTENTION_DISTRACTION,NO_IMPROPER_ACTION
2537600,2,ANGLE_FRONT_TO_SIDE,-114.615928561878,32.6839835291799,3,FOUR_WAY_INTERSECTION,ANGLE_FRONT_TO_SIDE,YUMA,2011-07-25 15:44:00,OTHER_97,NO_IMPROPER_ACTION
2537611,2,OTHER_97,-114.622457578302,32.6839700095372,3,T_INTERSECTION,OTHER_97,YUMA,2011-07-07 21:11:00,DISREGARDED_TRAFFIC_SIGNAL,NO_IMPROPER_ACTION
2541145,2,ANGLE_FRONT_TO_SIDE,-114.616312761335,32.6693341108828,4,FOUR_WAY_INTERSECTION,ANGLE_FRONT_TO_SIDE,YUMA,2011-07-18 22:40:00,OTHER_97,NO_IMPROPER_ACTION
2541388,2,ANGLE_FRONT_TO_SIDE,-114.612970531482,35.107756405906,2,UNKNOWN_99,ANGLE_FRONT_TO_SIDE,BULLHEAD CITY,2011-07-05 18:00:00,OTHER_97,FAILED_TO_YIELD_RIGHT_OF_WAY_103
2543827,2,ANGLE_FRONT_TO_SIDE,-114.271204071448,34.4624104456452,4,T_INTERSECTION,ANGLE_FRONT_TO_SIDE,LAKE HAVASU CITY,2011-08-23 07:33:00,KNOWINGLY_OPERATED_WITH_FAULTY_MISSING_EQUIPMENT,NOT_APPLICABLE_MINUS_1+NOT_APPLICABLE_MINUS_1+NO_IMPROPER_ACTION+NOT_APPLICABLE_MINUS_1
2543855,2,ANGLE_FRONT_TO_SIDE,-114.612942732499,35.1024393818217,3,T_INTERSECTION,ANGLE_FRONT_TO_SIDE,BULLHEAD CITY,2011-08-19 07:36:00,NO_IMPROPER_ACTION,INATTENTION_DISTRACTION
2544116,2,ANGLE_FRONT_TO_SIDE,-114.04458539313,35.2178197572633,4,FOUR_WAY_INTERSECTION,ANGLE_FRONT_TO_SIDE,KINGMAN,2011-09-03 19:53:00,NO_IMPROPER_ACTION,NOT_APPLICABLE_MINUS_1+NOT_APPLICABLE_MINUS_1+NOT_APPLICABLE_MINUS_1+NOT_APPLICABLE_MINUS_1+INATTENTION_DISTRACTION
2544882,2,LEFT_TURN,-114.634498997395,32.7135134421548,2,UNKNOWN_99,LEFT_TURN,YUMA,2011-08-27 18:14:00,NO_IMPROPER_ACTION,INATTENTION_DISTRACTION
2545239,2,ANGLE_FRONT_TO_SIDE,-114.334228101619,34.4924558990847,4,T_INTERSECTION,ANGLE_FRONT_TO_SIDE,LAKE HAVASU CITY,2011-08-31 07:36:00,DISREGARDED_PAVEMENT_MARKINGS,NO_IMPROPER_ACTION
2546364,2,REAR_END,-114.563702609378,35.1821776708674,3,FOUR_WAY_INTERSECTION,REAR_END,BULLHEAD CITY,2011-09-09 23:15:00,NO_IMPROPER_ACTION,INATTENTION_DISTRACTION
2555684,2,LEFT_TURN,-114.667479718015,32.7194280218473,1,T_INTERSECTION,LEFT_TURN,UNSPECIFIED_999,2011-10-07 16:40:00,NO_IMPROPER_ACTION,NO_IMPROPER_ACTION
2555696,2,OTHER_97,-114.773808662732,32.4954834381178,3,FOUR_WAY_INTERSECTION,OTHER_97,SAN LUIS,2011-09-08 16:50:00,NO_IMPROPER_ACTION,OTHER_97+NOT_APPLICABLE_MINUS_1
2556765,2,ANGLE_FRONT_TO_SIDE,-114.323977481405,34.4767887470838,3,UNKNOWN_99,ANGLE_FRONT_TO_SIDE,LAKE HAVASU CITY,2011-10-18 16:24:00,NO_IMPROPER_ACTION,UNKNOWN_99
2558266,2,ANGLE_FRONT_TO_SIDE,-114.589301693994,35.1205827955766,2,FOUR_WAY_INTERSECTION,ANGLE_FRONT_TO_SIDE,BULLHEAD CITY,2011-10-19 07:25:00,DROVE_RODE_IN_OPPOSING_TRAFFIC_LANE,NO_IMPROPER_ACTION
2559018,2,ANGLE_FRONT_TO_SIDE,-114.633216573065,32.6859971684233,3,T_INTERSECTION,ANGLE_FRONT_TO_SIDE,YUMA,2011-10-08 10:28:00,DROVE_RODE_IN_OPPOSING_TRAFFIC_LANE,INATTENTION_DISTRACTION
2559130,2,ANGLE_FRONT_TO_SIDE,-114.286415884261,34.4787429280984,4,FOUR_WAY_INTERSECTION,ANGLE_FRONT_TO_SIDE,LAKE HAVASU CITY,2011-10-27 07:53:00,RAN_STOP_SIGN,NO_IMPROPER_ACTION
2561846,2,ANGLE_FRONT_TO_SIDE,-114.623326963828,32.7094026280448,3,FOUR_WAY_INTERSECTION,ANGLE_FRONT_TO_SIDE,YUMA,2011-10-26 16:47:00,OTHER_97,NO_IMPROPER_ACTION+NOT_APPLICABLE_MINUS_1
2564009,2,ANGLE_FRONT_TO_SIDE,-114.615938365791,32.6797251320333,3,UNKNOWN_99,ANGLE_FRONT_TO_SIDE,YUMA,2011-11-08 16:36:00,OTHER_97,NO_IMPROPER_ACTION
2566466,2,ANGLE_FRONT_TO_SIDE,-114.621447457437,32.7215072369496,3,NOT_AT_INTERSECTION_0,ANGLE_FRONT_TO_SIDE,YUMA,2011-11-21 16:53:00,OTHER_97,NOT_APPLICABLE_MINUS_1+NOT_APPLICABLE_MINUS_1+NOT_APPLICABLE_MINUS_1+NOT_APPLICABLE_MINUS_1+NO_IMPROPER_ACTION
2566860,2,ANGLE_FRONT_TO_SIDE,-114.633227321987,32.687541574928,2,T_INTERSECTION,ANGLE_FRONT_TO_SIDE,YUMA,2011-11-24 10:54:00,NO_IMPROPER_ACTION,INATTENTION_DISTRACTION
2570617,2,REAR_END,-114.338477194824,34.4688873102095,3,FOUR_WAY_INTERSECTION,REAR_END,LAKE HAVASU CITY,2011-12-07 16:30:00,KNOWINGLY_OPERATED_WITH_FAULTY_MISSING_EQUIPMENT,INATTENTION_DISTRACTION
2571197,2,ANGLE_FRONT_TO_SIDE,-114.645257329293,32.6837701371841,1,T_INTERSECTION,ANGLE_FRONT_TO_SIDE,YUMA,2011-12-01 17:05:00,UNKNOWN_99,NOT_APPLICABLE_MINUS_1+NOT_APPLICABLE_MINUS_1+NOT_APPLICABLE_MINUS_1+UNKNOWN_99+NOT_APPLICABLE_MINUS_1
2573771,2,ANGLE_FRONT_TO_SIDE,-114.605107256793,32.6693687869991,1,T_INTERSECTION,ANGLE_FRONT_TO_SIDE,YUMA,2011-12-15 13:10:00,OTHER_97,NO_IMPROPER_ACTION
2574262,2,ANGLE_FRONT_TO_SIDE,-114.639617088387,32.6839300872829,3,T_INTERSECTION,ANGLE_FRONT_TO_SIDE,YUMA,2011-12-21 17:01:00,OTHER_97,NO_IMPROPER_ACTION
2574713,2,ANGLE_FRONT_TO_SIDE,-114.624769259943,32.7021893311825,4,FOUR_WAY_INTERSECTION,ANGLE_FRONT_TO_SIDE,YUMA,2011-12-19 12:57:00,DISREGARDED_TRAFFIC_SIGNAL,NO_IMPROPER_ACTION
2581428,2,ANGLE_FRONT_TO_SIDE,-114.011600862846,35.253612935869,1,UNKNOWN_99,ANGLE_FRONT_TO_SIDE,UNSPECIFIED_999,2011-12-01 16:05:00,UNKNOWN_99,NO_IMPROPER_ACTION
2584200,2,OTHER_97,-114.581507554303,34.8691442499706,2,NOT_REPORTED_255,OTHER_97,UNSPECIFIED_999,2011-12-27 16:32:00,NO_IMPROPER_ACTION,NOT_APPLICABLE_MINUS_1+FAILED_TO_YIELD_RIGHT_OF_WAY_103